{
"type": "FeatureCollection",
"name": "Zip_Code",
"crs": { "type": "name", "properties": { "name": "urn:ogc:def:crs:OGC:1.3:CRS84" } },
"features": [
{ "type": "Feature", "properties": { "OBJECTID": 30, "ZIPCODE": 22314, "GlobalID": "fa09ae31-a5df-4150-b276-9705f7268f21", "Shape__Area": 110650284.05468801, "Shape__Length": 79630.092619459305 }, "geometry": { "type": "Polygon", "coordinates": [ [ [ -77.039527445423801, 38.821686614216098 ], [ -77.039499627157895, 38.821665332420899 ], [ -77.039496319128403, 38.8216628019008 ], [ -77.039489570300404, 38.821647677310402 ], [ -77.03949350744, 38.8216298648248 ], [ -77.039494060934103, 38.821629151848597 ], [ -77.039492581876601, 38.821619539139 ], [ -77.039496583048901, 38.821599540825602 ], [ -77.039463582196603, 38.821572540103602 ], [ -77.039460576733006, 38.821552302318302 ], [ -77.0394596235721, 38.821545881940999 ], [ -77.039449757939096, 38.821535926990599 ], [ -77.039443195689003, 38.821511177083103 ], [ -77.039444320606705, 38.821458926517103 ], [ -77.039450593173299, 38.821427534132098 ], [ -77.039452957609598, 38.821415698847403 ], [ -77.039456070892896, 38.821400114087197 ], [ -77.039467382650301, 38.821360427137698 ], [ -77.039496132474994, 38.821327801810703 ], [ -77.039497904063893, 38.8213158393187 ], [ -77.039500195101198, 38.821300364150297 ], [ -77.039550302309095, 38.821243590476797 ], [ -77.039572069821403, 38.821218927386198 ], [ -77.039628714126707, 38.821134732398001 ], [ -77.039640820330405, 38.8211167395744 ], [ -77.039722758031203, 38.821060114204499 ], [ -77.039758195140905, 38.821042739662403 ], [ -77.039795678647394, 38.821003565769999 ], [ -77.039819194801595, 38.820978989263502 ], [ -77.039873132465104, 38.820915114018398 ], [ -77.039895070063906, 38.820871426555001 ], [ -77.039910006999193, 38.820826301441002 ], [ -77.039946757774601, 38.820744364323602 ], [ -77.039962194934901, 38.820677238626899 ], [ -77.039977632956806, 38.820610239072202 ], [ -77.039978444808597, 38.820570364663801 ], [ -77.039958633134106, 38.8205083637869 ], [ -77.039942522916107, 38.820479899374703 ], [ -77.039939831375193, 38.820475144863799 ], [ -77.039938257126494, 38.820472364739999 ], [ -77.039924444399801, 38.8204612390196 ], [ -77.039967069526398, 38.820262676591398 ], [ -77.039902757951694, 38.820146551919301 ], [ -77.039897892834404, 38.820080925955601 ], [ -77.039895566136394, 38.8200782797201 ], [ -77.039885600953696, 38.820066940591801 ], [ -77.039825592744194, 38.819998655337102 ], [ -77.039817581686194, 38.819989538857598 ], [ -77.039733582923304, 38.819900539296498 ], [ -77.039728297059497, 38.8199010348116 ], [ -77.039669581393596, 38.819906538717198 ], [ -77.039611581080294, 38.819903539243697 ], [ -77.039559581649598, 38.8198905390148 ], [ -77.039529794144002, 38.819886500464797 ], [ -77.039500582052, 38.819882539344 ], [ -77.039482605952898, 38.819876636857302 ], [ -77.039466070082995, 38.819873364172402 ], [ -77.039434444041405, 38.8198716145723 ], [ -77.039406444616702, 38.819869864157702 ], [ -77.039378382497105, 38.819865364132397 ], [ -77.039343569787306, 38.819853989545599 ], [ -77.039322756855398, 38.8198413639074 ], [ -77.039298694440504, 38.819816426762301 ], [ -77.039267820427995, 38.819781614101998 ], [ -77.039219632763704, 38.819735739255002 ], [ -77.039171444796494, 38.819687051591302 ], [ -77.039119445290197, 38.819656177050497 ], [ -77.039025882321098, 38.819594676762797 ], [ -77.038974069889903, 38.819552801980798 ], [ -77.0389740325178, 38.8195527708829 ], [ -77.038965293857899, 38.819551631377799 ], [ -77.038964580561199, 38.819551538707103 ], [ -77.038946581236104, 38.8195485387349 ], [ -77.038928312015102, 38.819520652730397 ], [ -77.038927582638294, 38.819519539073298 ], [ -77.038927054591795, 38.819514077195102 ], [ -77.038905132294801, 38.819488739558402 ], [ -77.038891569049497, 38.8194666143118 ], [ -77.038888819783395, 38.819429551587703 ], [ -77.038885693928293, 38.8194116772911 ], [ -77.038861694001, 38.819382551371703 ], [ -77.038834320025799, 38.819347864159802 ], [ -77.038824694694398, 38.819305175813902 ], [ -77.038808007484803, 38.819258238900197 ], [ -77.038802132241202, 38.819204613665697 ], [ -77.038799320151, 38.819170301681403 ], [ -77.038817507016105, 38.819140364069803 ], [ -77.038825132845304, 38.819108802053798 ], [ -77.038829444313095, 38.819071801122099 ], [ -77.038836944630106, 38.819044426098102 ], [ -77.038851569632598, 38.819018551596201 ], [ -77.038901506840006, 38.818979363677201 ], [ -77.038933319959497, 38.818967426592103 ], [ -77.038997070305896, 38.818940677181402 ], [ -77.039018444947004, 38.818924488215302 ], [ -77.039025820083296, 38.818909488988801 ], [ -77.039095569408502, 38.818929551440803 ], [ -77.039109587636204, 38.818895455314099 ], [ -77.039114069402103, 38.818884551854403 ], [ -77.039070548947706, 38.8188703776 ], [ -77.038978007376798, 38.8188402388189 ], [ -77.038939632252294, 38.818828739559798 ], [ -77.038915569644004, 38.818806552047498 ], [ -77.038898256965894, 38.818793925764403 ], [ -77.038898506647499, 38.818780238808301 ], [ -77.038905882609697, 38.818762425905398 ], [ -77.038920132120495, 38.818755738937703 ], [ -77.038937881453094, 38.818743676281898 ], [ -77.038949007413905, 38.818714926484901 ], [ -77.038949569098506, 38.818687488479 ], [ -77.038946444543399, 38.818669551129901 ], [ -77.0389362564609, 38.818648863494097 ], [ -77.038936882958097, 38.818620051432099 ], [ -77.038927132264405, 38.818581488817301 ], [ -77.038903257961294, 38.818548238972298 ], [ -77.038872069575802, 38.818529989100703 ], [ -77.038833631792201, 38.818521238749298 ], [ -77.038812757273604, 38.818512738634404 ], [ -77.038799006789901, 38.818498863818803 ], [ -77.038791007010701, 38.818373801232902 ], [ -77.038782007430697, 38.818296801346797 ], [ -77.038789694782807, 38.818262551633303 ], [ -77.038811070067197, 38.818247738476401 ], [ -77.038825945076297, 38.818206739090698 ], [ -77.038821382262697, 38.8180844257787 ], [ -77.038822636242003, 38.818023474418901 ], [ -77.038823131421296, 38.817999363722102 ], [ -77.038814386954002, 38.817967388817898 ], [ -77.038813319277196, 38.817963488786098 ], [ -77.038773756607398, 38.817840863936702 ], [ -77.038734257615602, 38.817708550950798 ], [ -77.038719103557398, 38.817657657163799 ], [ -77.038708737511001, 38.817622804211702 ], [ -77.038701445325202, 38.817598301014201 ], [ -77.038636694400495, 38.817502738940298 ], [ -77.038610319105501, 38.817418676225898 ], [ -77.038577319664299, 38.817316676695903 ], [ -77.0385475069168, 38.8172284258359 ], [ -77.038531256574899, 38.817163676028102 ], [ -77.038514693869402, 38.817114050328001 ], [ -77.038490756203501, 38.817083551118699 ], [ -77.038484444818806, 38.817049113532697 ], [ -77.038509507265104, 38.817024738530897 ], [ -77.038521007146599, 38.816978176056601 ], [ -77.038522256878295, 38.816916426378803 ], [ -77.038501007554302, 38.816754113409601 ], [ -77.038503882683699, 38.816611363428898 ], [ -77.0384743195049, 38.816512113127203 ], [ -77.038458007328302, 38.816451488017201 ], [ -77.038445006616996, 38.816401926486797 ], [ -77.038435506381802, 38.816349613782798 ], [ -77.038436632390201, 38.816294738675197 ], [ -77.038434878236004, 38.816223849179302 ], [ -77.038434587046893, 38.816223218484502 ], [ -77.038430703559001, 38.8162148001988 ], [ -77.038424257296299, 38.816212175591502 ], [ -77.038402208047401, 38.816097506142 ], [ -77.038392506560399, 38.816047050502803 ], [ -77.038317069980707, 38.815959551110197 ], [ -77.038155882405306, 38.815601988408098 ], [ -77.038090569499502, 38.815535175776198 ], [ -77.038040444808203, 38.815408300693498 ], [ -77.037850819792695, 38.815243863303301 ], [ -77.037736506010603, 38.815166987849103 ], [ -77.037625693851197, 38.815092800238503 ], [ -77.037474518330995, 38.815007604209399 ], [ -77.037448694363704, 38.814993050754197 ], [ -77.037412818501394, 38.814856737941497 ], [ -77.037324943976998, 38.814694987888799 ], [ -77.037279818365406, 38.814666925338798 ], [ -77.037299444344896, 38.8145669256308 ], [ -77.037362080343797, 38.814420009443197 ], [ -77.037432194705801, 38.814255550155103 ], [ -77.037484381445694, 38.814103737565702 ], [ -77.037585257122601, 38.813802987821902 ], [ -77.0375794435069, 38.813570863245801 ], [ -77.037589006242598, 38.813445987772099 ], [ -77.037588193774994, 38.813315550187099 ], [ -77.037571006488903, 38.813123113455603 ], [ -77.037566006281907, 38.81302692501 ], [ -77.037566256197294, 38.813013238038401 ], [ -77.037574131575596, 38.812973487642502 ], [ -77.037589943508095, 38.812711425183601 ], [ -77.037624944521596, 38.812714612976599 ], [ -77.037636256343305, 38.812504675313001 ], [ -77.037641881694796, 38.8124017999275 ], [ -77.037646631644805, 38.812340050565801 ], [ -77.037647631355895, 38.812290612930198 ], [ -77.037657381235803, 38.812157550022597 ], [ -77.037636380941606, 38.812153175391799 ], [ -77.037644131048395, 38.8121203626186 ], [ -77.037437443762101, 38.812098549878499 ], [ -77.037395381659607, 38.812096612827602 ], [ -77.037435005684898, 38.811876049887999 ], [ -77.037466506480897, 38.811704799732397 ], [ -77.037631567869397, 38.809805174808901 ], [ -77.037665505624503, 38.809515862392502 ], [ -77.037481180597695, 38.809502045980601 ], [ -77.037646579706703, 38.808589535215702 ], [ -77.037724579985607, 38.808159534587503 ], [ -77.038004579351195, 38.806596533981299 ], [ -77.0381875794655, 38.805717533681097 ], [ -77.038320579154501, 38.805059533922702 ], [ -77.038382579306202, 38.804754533572897 ], [ -77.0384175800029, 38.804570533800998 ], [ -77.038624579389406, 38.803495533599502 ], [ -77.038970579208694, 38.801692531720299 ], [ -77.039134579812298, 38.800832531774702 ], [ -77.039195579920204, 38.800511531661101 ], [ -77.039188579651594, 38.800315531133101 ], [ -77.039180579371603, 38.800049531384197 ], [ -77.039168579686702, 38.799757530490197 ], [ -77.0391625799015, 38.799522531609199 ], [ -77.039160578299999, 38.799467530851402 ], [ -77.039118578424805, 38.798184530717798 ], [ -77.039108579389094, 38.797851530160898 ], [ -77.039102578971594, 38.797664529961303 ], [ -77.039100922041996, 38.7976396868969 ], [ -77.039098579144905, 38.797604530075603 ], [ -77.039096579269298, 38.797586530057799 ], [ -77.039088578826096, 38.797303529857899 ], [ -77.039084578087696, 38.797175529773703 ], [ -77.0390805795425, 38.797005530420499 ], [ -77.039078579516499, 38.796918530143401 ], [ -77.039078579448599, 38.796891530081901 ], [ -77.039073615459799, 38.796710638662802 ], [ -77.039051579356993, 38.7959075294401 ], [ -77.039019578588295, 38.794749528972801 ], [ -77.039014579090804, 38.794556528968798 ], [ -77.039013578532007, 38.794484528618199 ], [ -77.039013577658096, 38.794425529008798 ], [ -77.038993577771905, 38.793716528743801 ], [ -77.038992579217293, 38.793688528769302 ], [ -77.038988579163799, 38.792930528738403 ], [ -77.038987578253398, 38.7928425281386 ], [ -77.0389885774416, 38.792782528280398 ], [ -77.038991578798104, 38.792567528101102 ], [ -77.038992578362596, 38.792514528733903 ], [ -77.038994579094805, 38.792430527953897 ], [ -77.039010577966295, 38.791660528208801 ], [ -77.039277385721405, 38.791619766186301 ], [ -77.039370578168999, 38.791605528365103 ], [ -77.039364579096997, 38.791590528287898 ], [ -77.039375578582707, 38.791536528133797 ], [ -77.039388578391197, 38.791469527649703 ], [ -77.039396577246606, 38.791340528109501 ], [ -77.039393518989101, 38.791324422231298 ], [ -77.039457942627195, 38.7912764201415 ], [ -77.039454006095696, 38.791215857866398 ], [ -77.039444002936705, 38.791059191681498 ], [ -77.039415317546798, 38.790609920039699 ], [ -77.039415505482097, 38.7905989207052 ], [ -77.039415755603002, 38.790587920343199 ], [ -77.039416005592798, 38.790576983047004 ], [ -77.039419755233396, 38.790566045183702 ], [ -77.0394199431679, 38.790555045849104 ], [ -77.039423692806693, 38.790544107985603 ], [ -77.039427380974303, 38.790534608196403 ], [ -77.039431067405403, 38.790523608279997 ], [ -77.039434818191793, 38.790512670430402 ], [ -77.039438506487201, 38.790503107574999 ], [ -77.039445755618402, 38.790492233109397 ], [ -77.039449442873007, 38.7904826080741 ], [ -77.039456693151394, 38.790471733622198 ], [ -77.039463943123707, 38.790462233136601 ], [ -77.039471129776103, 38.7904527327631 ], [ -77.039478381008195, 38.790443170125698 ], [ -77.039485568467597, 38.790435045533698 ], [ -77.039492756247, 38.790425546073898 ], [ -77.039499942683094, 38.790417358400802 ], [ -77.039510693419899, 38.790407858257701 ], [ -77.039517817572502, 38.7903997328755 ], [ -77.039528505798003, 38.790391608625796 ], [ -77.039539193606203, 38.790384920507002 ], [ -77.039549880694494, 38.7903767953403 ], [ -77.039560505162299, 38.7903701082328 ], [ -77.039571193189303, 38.7903632957808 ], [ -77.039581880989303, 38.790356607658097 ], [ -77.039592568750706, 38.790349921335903 ], [ -77.0396031308548, 38.790344546153101 ], [ -77.039617317951198, 38.790339233222802 ], [ -77.039627943369695, 38.790333857925098 ], [ -77.039642068407602, 38.790328482953498 ], [ -77.039652755859095, 38.7903231705926 ], [ -77.039666818276999, 38.790319233678403 ], [ -77.039681006196602, 38.7903152956222 ], [ -77.039695006144996, 38.790312732798299 ], [ -77.039705693497496, 38.7903086709698 ], [ -77.039719693443701, 38.790306108143 ], [ -77.039733818743201, 38.790303608140803 ], [ -77.039747880650097, 38.790302357885999 ], [ -77.040328131029796, 38.790238233178897 ], [ -77.040328271108706, 38.790232245312197 ], [ -77.040355380956598, 38.789071419875398 ], [ -77.040550568232803, 38.785852607089303 ], [ -77.048320008846702, 38.788896795091702 ], [ -77.048458196341201, 38.788950919804897 ], [ -77.050788508818997, 38.789863982648498 ], [ -77.050994134582893, 38.789969107657797 ], [ -77.051132384500704, 38.7900398580935 ], [ -77.051134884292296, 38.790040857507996 ], [ -77.051243696548298, 38.790083795439799 ], [ -77.051396572737005, 38.790159857199903 ], [ -77.052074134440801, 38.790490920347601 ], [ -77.052619759547994, 38.79075160803 ], [ -77.053137635304395, 38.790998295826498 ], [ -77.053415698018597, 38.791130857760301 ], [ -77.054576384687905, 38.791688857828397 ], [ -77.055328385325893, 38.7919837327293 ], [ -77.055939572791601, 38.792302983538399 ], [ -77.0561999484311, 38.792440670859797 ], [ -77.056491574271206, 38.792595357706801 ], [ -77.056904761238798, 38.792813232776098 ], [ -77.057915635810801, 38.793499858048797 ], [ -77.059345137773803, 38.794481295259203 ], [ -77.060813200474897, 38.7945927330221 ], [ -77.061505357671905, 38.7946457714174 ], [ -77.061534215766898, 38.794655570083599 ], [ -77.061566418560503, 38.7946665044255 ], [ -77.061568559155404, 38.794667231622697 ], [ -77.061654138077699, 38.794830983618098 ], [ -77.061792700512896, 38.795093545673403 ], [ -77.062801825970794, 38.796045108917603 ], [ -77.0629422015096, 38.796396920901401 ], [ -77.063018825312099, 38.796425296520198 ], [ -77.063527450971705, 38.796610108160401 ], [ -77.063847763713795, 38.7967361706405 ], [ -77.065341389066603, 38.7973269831529 ], [ -77.066013327463494, 38.797593359183303 ], [ -77.067266701874402, 38.798091982994599 ], [ -77.068095203569797, 38.7984275461883 ], [ -77.068335389983801, 38.798523858567101 ], [ -77.068774015117199, 38.798702170687399 ], [ -77.069460140158398, 38.798964608419098 ], [ -77.069432639647204, 38.799112546392998 ], [ -77.069526328413204, 38.798988733263698 ], [ -77.0699444537848, 38.799139358568802 ], [ -77.070188390357799, 38.799224733725403 ], [ -77.0703661398924, 38.799285921890601 ], [ -77.0710146411202, 38.799498422041097 ], [ -77.071412266337404, 38.799621359039598 ], [ -77.071485516221301, 38.799642858678197 ], [ -77.071810015763504, 38.799737420976598 ], [ -77.072609329164294, 38.799954546584303 ], [ -77.072776766477006, 38.800004608475902 ], [ -77.072947704511904, 38.800051983712798 ], [ -77.073115328981203, 38.800097921007499 ], [ -77.073275891587002, 38.8001396710143 ], [ -77.073293329289399, 38.800144046419199 ], [ -77.073377204355296, 38.8001642956214 ], [ -77.073422579210799, 38.800174421908899 ], [ -77.073499453935398, 38.800193233554303 ], [ -77.073569266994298, 38.800209171719203 ], [ -77.074054892321499, 38.8003222338562 ], [ -77.074543891863598, 38.8004366089163 ], [ -77.074722017186204, 38.800478609074098 ], [ -77.074900267233502, 38.8005164219257 ], [ -77.075082017405904, 38.800554359006497 ], [ -77.075260329987202, 38.800588108750603 ], [ -77.075442143159407, 38.800619171734098 ], [ -77.075624080569895, 38.800648796213402 ], [ -77.075809517292598, 38.800675796961997 ], [ -77.076093080018296, 38.800712171020201 ], [ -77.077129330407701, 38.800835983969797 ], [ -77.077213392937196, 38.800845233801802 ], [ -77.078169268851795, 38.800957046664003 ], [ -77.079177644214099, 38.801073608550098 ], [ -77.079419205813295, 38.8011026086306 ], [ -77.079517206292294, 38.801113421169703 ], [ -77.079590768054402, 38.801122545739901 ], [ -77.080140455617894, 38.801188233584703 ], [ -77.080318956604998, 38.801209671712201 ], [ -77.080861644177602, 38.801275234506498 ], [ -77.081586769577896, 38.801338921299603 ], [ -77.082308269466594, 38.8014121711728 ], [ -77.082514832553599, 38.801438046223097 ], [ -77.083470707527198, 38.801552608630097 ], [ -77.083558145639103, 38.801563233474504 ], [ -77.083985332263097, 38.801613734006899 ], [ -77.084990208023896, 38.801730171012302 ], [ -77.085119771316698, 38.801745546299799 ], [ -77.086425771120602, 38.8018971088405 ], [ -77.086667333508501, 38.801926109248299 ], [ -77.087465584162103, 38.802022296474199 ], [ -77.088522959558006, 38.802148983530799 ], [ -77.089769334381003, 38.802298483955902 ], [ -77.090620084459303, 38.802402109042497 ], [ -77.0912247883616, 38.802474156439999 ], [ -77.091224611696703, 38.802477528390803 ], [ -77.091224428159094, 38.802481603003201 ], [ -77.091219611522405, 38.802588528030299 ], [ -77.091189612199102, 38.803143528324 ], [ -77.091164611766004, 38.803410529355197 ], [ -77.091033612533096, 38.804693528534102 ], [ -77.091007612300203, 38.804942529907898 ], [ -77.091004611937393, 38.804991530064797 ], [ -77.090971611694201, 38.805545529067402 ], [ -77.090969612287196, 38.8055845298462 ], [ -77.087762609147703, 38.805397529628699 ], [ -77.087682609606603, 38.805393530357499 ], [ -77.087677609944507, 38.805434530238699 ], [ -77.0876666106318, 38.805522530025897 ], [ -77.087655609260594, 38.805594529747097 ], [ -77.087649609504496, 38.805642529708997 ], [ -77.087647609622493, 38.805679530328902 ], [ -77.0876376094227, 38.805757529838097 ], [ -77.087619610661605, 38.805907530072702 ], [ -77.087462609569997, 38.807136530799298 ], [ -77.0873696104629, 38.807728530327701 ], [ -77.087293609495902, 38.808192530549299 ], [ -77.087285610168905, 38.808266531329302 ], [ -77.087894611111494, 38.808369530758299 ], [ -77.088171611700204, 38.808440530581201 ], [ -77.088673610940901, 38.808528530231001 ], [ -77.088845611690203, 38.808556530441301 ], [ -77.088906611409897, 38.808568530557501 ], [ -77.0892346114166, 38.808640530449097 ], [ -77.090280611843895, 38.808861531079799 ], [ -77.090212612006994, 38.809083531303102 ], [ -77.090163612497406, 38.8091555304512 ], [ -77.090113612424204, 38.809223531740102 ], [ -77.090094612511905, 38.809293531772603 ], [ -77.0900926116162, 38.8093705310716 ], [ -77.090114611658194, 38.8094815306413 ], [ -77.090200612093696, 38.809606530667402 ], [ -77.090041612511897, 38.809633531520703 ], [ -77.089830612086899, 38.809648531714899 ], [ -77.089683611455797, 38.809646531389603 ], [ -77.089487612333699, 38.809610531776698 ], [ -77.089225611638994, 38.809548531343601 ], [ -77.089040611726006, 38.809533532008899 ], [ -77.088743611253307, 38.809514531888603 ], [ -77.088745611445404, 38.809529531586598 ], [ -77.088748611042504, 38.809561530771603 ], [ -77.088916611801906, 38.810976531761 ], [ -77.088923612174995, 38.8110205319839 ], [ -77.089072611647197, 38.8121815324576 ], [ -77.089240612511304, 38.813454532946103 ], [ -77.089407612355004, 38.814681533437998 ], [ -77.089427612012898, 38.814820533945799 ], [ -77.089590612092294, 38.815987533621701 ], [ -77.089613612025005, 38.816244533469401 ], [ -77.089637613776304, 38.816467534427503 ], [ -77.089643612299497, 38.816677533571799 ], [ -77.089628612514502, 38.8169415346837 ], [ -77.0895946119727, 38.817208534592197 ], [ -77.089555612436399, 38.817431535003401 ], [ -77.089492612616795, 38.817422533988299 ], [ -77.089236612139103, 38.817377534134401 ], [ -77.089177612429793, 38.817361533803897 ], [ -77.089107612414196, 38.817346534567903 ], [ -77.089016612195707, 38.817322534523797 ], [ -77.088919612337904, 38.817295534165197 ], [ -77.088897612354003, 38.817288534980101 ], [ -77.088821612009198, 38.817265534138599 ], [ -77.088347612273395, 38.817098534227299 ], [ -77.087859611981102, 38.816921534490398 ], [ -77.087239611104593, 38.816695534441997 ], [ -77.087480611232294, 38.816090535080001 ], [ -77.085237609449905, 38.814770534081497 ], [ -77.082348608604306, 38.814217533491501 ], [ -77.082297607612702, 38.814522533960201 ], [ -77.081896608047202, 38.814393534005397 ], [ -77.081645606220903, 38.814318533710498 ], [ -77.081470607771706, 38.814273533641597 ], [ -77.081285607183403, 38.814240533788102 ], [ -77.081082606056697, 38.814210534158804 ], [ -77.080826607115299, 38.814183533900902 ], [ -77.080591605601199, 38.814189534043898 ], [ -77.080169606313703, 38.814203533732602 ], [ -77.079274605927793, 38.814228534289001 ], [ -77.078867605059102, 38.814232533743599 ], [ -77.078624605332905, 38.814228534299602 ], [ -77.078449605613798, 38.814230534224997 ], [ -77.078263605276106, 38.814220534133199 ], [ -77.0782316057157, 38.814219533728902 ], [ -77.077019604109395, 38.814140534352198 ], [ -77.076977604859806, 38.814137533839798 ], [ -77.076934605086294, 38.814138534024998 ], [ -77.076814604935194, 38.814128533867098 ], [ -77.076722604673293, 38.814120534602402 ], [ -77.0766776047859, 38.8140685343526 ], [ -77.0766586028452, 38.814044533977402 ], [ -77.0766456048094, 38.814012533888402 ], [ -77.076650604169899, 38.813996534135399 ], [ -77.076657604041003, 38.813979534266402 ], [ -77.076662604478898, 38.813949534605797 ], [ -77.076623604508498, 38.813887534453897 ], [ -77.076581604949993, 38.8138485343841 ], [ -77.076568604192701, 38.8138185343686 ], [ -77.076537603314605, 38.813793534296103 ], [ -77.076534604810504, 38.813764534054997 ], [ -77.076473603733405, 38.813658533723697 ], [ -77.076425603897505, 38.8135995343969 ], [ -77.076384603817402, 38.813538534272602 ], [ -77.076292604733993, 38.813440533884901 ], [ -77.076226603806603, 38.813345533750898 ], [ -77.076154604358194, 38.813251533816597 ], [ -77.076082604240398, 38.813165534297099 ], [ -77.076035604611207, 38.813106534321498 ], [ -77.076012602564901, 38.813064533774003 ], [ -77.075979604411003, 38.8130115328782 ], [ -77.0759516040996, 38.8129535337753 ], [ -77.075923604518294, 38.812906534421501 ], [ -77.075910602389996, 38.812865533655298 ], [ -77.075909604338506, 38.812818534082702 ], [ -77.075885604075793, 38.812776533101903 ], [ -77.075882604555304, 38.812734532954302 ], [ -77.075860603789806, 38.812695532989203 ], [ -77.075852604031397, 38.812663534001999 ], [ -77.075872602773899, 38.812618533535698 ], [ -77.075868604227196, 38.812574533754997 ], [ -77.0758496039969, 38.812514533827802 ], [ -77.075830602872998, 38.812444534195002 ], [ -77.075825603776295, 38.812386534050702 ], [ -77.075804603629905, 38.812307533938998 ], [ -77.075785604312401, 38.812253533461401 ], [ -77.075768603857796, 38.812209532609501 ], [ -77.075766603337797, 38.812183532913402 ], [ -77.075755604043806, 38.812146534145903 ], [ -77.0757536035659, 38.812120532647697 ], [ -77.075745603936994, 38.812088532748 ], [ -77.075732603847399, 38.812058532627702 ], [ -77.075717603777207, 38.812018533762 ], [ -77.075676603668697, 38.811954533171601 ], [ -77.075626604020599, 38.8118875330469 ], [ -77.075609603490406, 38.811826532958499 ], [ -77.075588603448296, 38.811766533921698 ], [ -77.075555602608702, 38.811718533143903 ], [ -77.0755386034308, 38.811679532562302 ], [ -77.075549603369097, 38.811641534119303 ], [ -77.075552602898796, 38.811624532587999 ], [ -77.0755506040244, 38.811592532547103 ], [ -77.075546604056697, 38.811559532477098 ], [ -77.075536602987398, 38.811510533375397 ], [ -77.075519603343395, 38.811464534168799 ], [ -77.075493602393706, 38.811422534022199 ], [ -77.075480602240106, 38.811411533193301 ], [ -77.075440602995499, 38.811384532441402 ], [ -77.075414603056601, 38.8113655327546 ], [ -77.075407602479601, 38.8113495332924 ], [ -77.075401604042995, 38.8113235327897 ], [ -77.075397602385294, 38.811279533838601 ], [ -77.075398603809106, 38.811254532798699 ], [ -77.075392603045501, 38.811228534068597 ], [ -77.075374603363002, 38.811198533555803 ], [ -77.075315602195403, 38.811108532522297 ], [ -77.075309602168701, 38.811097533787702 ], [ -77.074771602848699, 38.811210532813298 ], [ -77.074933603134099, 38.811341532640199 ], [ -77.0751576022367, 38.811546532783503 ], [ -77.075222602450594, 38.811625534006502 ], [ -77.0752786038544, 38.811712533604201 ], [ -77.073481602005899, 38.812574533901298 ], [ -77.073309601778007, 38.813316534502 ], [ -77.073053601865695, 38.813052533738301 ], [ -77.072641601334496, 38.812630533445102 ], [ -77.073004601051295, 38.811153532561498 ], [ -77.072453601366107, 38.8108335332984 ], [ -77.071545600423505, 38.8112375336759 ], [ -77.071541601286199, 38.811722533049497 ], [ -77.071289599646605, 38.811721533216797 ], [ -77.071135600856493, 38.811714534097 ], [ -77.071122600934999, 38.811502534208898 ], [ -77.071044601261207, 38.811347533531801 ], [ -77.070969600863904, 38.811223534253401 ], [ -77.070463600730704, 38.810376532733798 ], [ -77.069851600115697, 38.810435533162803 ], [ -77.069415599311995, 38.810479533209602 ], [ -77.068855600148495, 38.8100495327527 ], [ -77.068229599987703, 38.8095725329487 ], [ -77.067906598689504, 38.809815532798098 ], [ -77.067625597790894, 38.809603532924001 ], [ -77.0675465976325, 38.8095395330039 ], [ -77.067234598123406, 38.809303533301403 ], [ -77.067093597760504, 38.809193532566397 ], [ -77.066958597885005, 38.809090532400297 ], [ -77.066906597554095, 38.809048532519199 ], [ -77.066816597264506, 38.808972533022398 ], [ -77.066682597680696, 38.808869533030702 ], [ -77.066657598123001, 38.808847532578703 ], [ -77.0666165974975, 38.808801532459697 ], [ -77.066599597715296, 38.808778532367697 ], [ -77.066579597939807, 38.808753532435396 ], [ -77.066544597787001, 38.808704532440103 ], [ -77.066500596919894, 38.808651533028403 ], [ -77.066473597754594, 38.808631532550997 ], [ -77.066462597261804, 38.808626532972298 ], [ -77.066440597458396, 38.808622532393898 ], [ -77.066419597121595, 38.808624532681399 ], [ -77.066401597921995, 38.808631533006398 ], [ -77.066367597719704, 38.808650533147201 ], [ -77.066342597885495, 38.808662532914802 ], [ -77.0662925970299, 38.808689532604902 ], [ -77.066221597652898, 38.808725532979899 ], [ -77.066200596879398, 38.808734532753697 ], [ -77.066172596963696, 38.808750533006801 ], [ -77.066150597442899, 38.808760533240701 ], [ -77.066136596909303, 38.808768532904701 ], [ -77.066079597201707, 38.808792532372898 ], [ -77.065950595653803, 38.808582532853102 ], [ -77.0658615968443, 38.808458532864201 ], [ -77.065786597126902, 38.808386532364501 ], [ -77.065730596871404, 38.808355532374001 ], [ -77.065688597231798, 38.808345532738201 ], [ -77.065625597307999, 38.8083405325172 ], [ -77.0655655971443, 38.808352533051099 ], [ -77.065519596993397, 38.808366532775302 ], [ -77.065470596567394, 38.808399533008902 ], [ -77.0654445965381, 38.808430532343202 ], [ -77.065444596814999, 38.808464532646703 ], [ -77.065478596841004, 38.808692532714502 ], [ -77.065483597171294, 38.808760533185499 ], [ -77.065479596775106, 38.808827532554801 ], [ -77.065445597375103, 38.808927532936202 ], [ -77.065370597090507, 38.809012532853501 ], [ -77.065159595669002, 38.809188532884697 ], [ -77.064640595667797, 38.808803533035501 ], [ -77.063849595589204, 38.808174532467902 ], [ -77.063044594771796, 38.807545532311501 ], [ -77.062635594613496, 38.807263532648598 ], [ -77.062604594434902, 38.807238532375898 ], [ -77.062563594793104, 38.8072035314812 ], [ -77.062448593999605, 38.807140532940203 ], [ -77.062361594792307, 38.807100532896897 ], [ -77.062448594773699, 38.8070995321834 ], [ -77.062580595467296, 38.807065532928803 ], [ -77.062662594966696, 38.807021532965599 ], [ -77.062716594595202, 38.806974532093399 ], [ -77.062756596071495, 38.806879532388301 ], [ -77.0628925948904, 38.8065595314132 ], [ -77.062942594617198, 38.806489531352703 ], [ -77.063004594886095, 38.806397532731502 ], [ -77.063115594577297, 38.806284532873399 ], [ -77.063303594711499, 38.806189531933803 ], [ -77.063501594599003, 38.806094531511803 ], [ -77.064216595287306, 38.805779532466701 ], [ -77.064910596845095, 38.805478531694099 ], [ -77.065130595994901, 38.805384531947297 ], [ -77.065410597262101, 38.805170530964602 ], [ -77.064932595776099, 38.805098531036599 ], [ -77.064829595034894, 38.805081532197498 ], [ -77.064761595909602, 38.8050745314548 ], [ -77.064270595523993, 38.805234531204398 ], [ -77.063920594930096, 38.805366531523802 ], [ -77.063410594368605, 38.805569531174797 ], [ -77.063139594470101, 38.805689531790897 ], [ -77.062561594143006, 38.805964531939203 ], [ -77.062080594614997, 38.806214532799601 ], [ -77.061702594558597, 38.806428531820998 ], [ -77.061043594035894, 38.8068115329609 ], [ -77.060926594169302, 38.806885532321601 ], [ -77.060525593124396, 38.807137532556702 ], [ -77.060047593308894, 38.807457532176599 ], [ -77.059976593150694, 38.807505533156103 ], [ -77.059764593092197, 38.807658533372503 ], [ -77.059243592108302, 38.808041532892801 ], [ -77.058722592311696, 38.8084575331278 ], [ -77.058504592895503, 38.808641533229903 ], [ -77.058230593010805, 38.808881533003699 ], [ -77.057860591619303, 38.809219534034099 ], [ -77.057459593167096, 38.809611533691303 ], [ -77.056932591498494, 38.810179533935603 ], [ -77.056654591164602, 38.810495534304998 ], [ -77.056479590680297, 38.810694534457703 ], [ -77.056296590739393, 38.8109045348127 ], [ -77.056035591422798, 38.811240535164799 ], [ -77.055876591342198, 38.811452534855697 ], [ -77.0557855907646, 38.811575535122302 ], [ -77.055548591079301, 38.811914534491798 ], [ -77.055357590819895, 38.812189535377101 ], [ -77.055328590967207, 38.8122355352575 ], [ -77.055037590766005, 38.812729536071998 ], [ -77.054932590182801, 38.812930534818399 ], [ -77.054838591185302, 38.813101535562197 ], [ -77.054755590655105, 38.813065535327098 ], [ -77.0532315902189, 38.815198537039997 ], [ -77.052431588464302, 38.816384537152601 ], [ -77.052234589622003, 38.816677536658403 ], [ -77.049857587957305, 38.819944538604602 ], [ -77.049617588295007, 38.820293539118097 ], [ -77.049498588444393, 38.820460538926099 ], [ -77.049509587645204, 38.8205355389753 ], [ -77.0495155881448, 38.820607539212197 ], [ -77.049259588408702, 38.820966539131298 ], [ -77.049017587375801, 38.821310538587397 ], [ -77.048918587497198, 38.821456539658797 ], [ -77.048421587241805, 38.822150539319303 ], [ -77.048250587072303, 38.822394539905702 ], [ -77.047901587755604, 38.822925540154799 ], [ -77.047790587969303, 38.823109540069602 ], [ -77.047656587374405, 38.823356540173997 ], [ -77.047536587727805, 38.823590540542199 ], [ -77.047418587109505, 38.823850540096103 ], [ -77.047349586953899, 38.824029540219698 ], [ -77.047253587680402, 38.8242895407666 ], [ -77.047153587439894, 38.824590541052302 ], [ -77.047099586822995, 38.824791540666403 ], [ -77.047032587270493, 38.825087540973598 ], [ -77.046993586866606, 38.825296541142997 ], [ -77.046968587047999, 38.825468541211102 ], [ -77.046935587209106, 38.825731540557399 ], [ -77.046921587153903, 38.825951541883398 ], [ -77.046911587715897, 38.826228542147703 ], [ -77.046910587726003, 38.826725541968401 ], [ -77.046934586946605, 38.827261541011602 ], [ -77.046959588049106, 38.827789541087498 ], [ -77.046988587586995, 38.828329542667497 ], [ -77.047035587425498, 38.829382542022699 ], [ -77.047064587962296, 38.829903542238903 ], [ -77.047089587863596, 38.830411543425903 ], [ -77.047138587533794, 38.8314685428575 ], [ -77.047157588652198, 38.832011543723603 ], [ -77.047149588080501, 38.832545543971101 ], [ -77.047122588418901, 38.832959544202602 ], [ -77.047073588119403, 38.833402544028402 ], [ -77.047010588257194, 38.8339405445628 ], [ -77.046948587987401, 38.834484544221198 ], [ -77.046886588218101, 38.8350105445381 ], [ -77.0468285887939, 38.835556545919701 ], [ -77.046805587756793, 38.835860544736001 ], [ -77.0468045894211, 38.836038544605202 ], [ -77.046803587904293, 38.836093545335899 ], [ -77.046811588431495, 38.836271544897997 ], [ -77.046825589406097, 38.836498545930503 ], [ -77.046841587865302, 38.8366275461348 ], [ -77.046876588566306, 38.836886545930703 ], [ -77.046925589860706, 38.8371285459598 ], [ -77.046996588341301, 38.8374085456961 ], [ -77.047078587912097, 38.837666546027599 ], [ -77.047205588192398, 38.838005545812102 ], [ -77.047297589620499, 38.838206545706797 ], [ -77.047480588364905, 38.8385605462461 ], [ -77.047570588621099, 38.838728546237803 ], [ -77.0478835896986, 38.839262546099199 ], [ -77.048205589098401, 38.839803545886902 ], [ -77.048531588890995, 38.840356546166802 ], [ -77.048685590273294, 38.840614546212798 ], [ -77.048631590880404, 38.840615547066101 ], [ -77.048890591126707, 38.841060546695402 ], [ -77.048962956174805, 38.841171083611997 ], [ -77.048981590585797, 38.841199547117299 ], [ -77.048994589663906, 38.841225546223399 ], [ -77.049017589205206, 38.841275547790701 ], [ -77.049013720961995, 38.841275309870497 ], [ -77.049057137305795, 38.841323729481203 ], [ -77.049040448871096, 38.841321242873803 ], [ -77.048970449446898, 38.841312118507403 ], [ -77.048900324343094, 38.841304368299198 ], [ -77.048826761663705, 38.841296617892901 ], [ -77.0487566362834, 38.841291618202199 ], [ -77.048739136600702, 38.841290055808798 ], [ -77.048686574421595, 38.841285243500799 ], [ -77.048612885769401, 38.841281617763599 ], [ -77.048542699210799, 38.841277992942302 ], [ -77.048472573568802, 38.841275742784603 ], [ -77.048398823538804, 38.841274868562898 ], [ -77.048268886502896, 38.841275993215 ], [ -77.048183781130504, 38.841273181911902 ], [ -77.048121221636805, 38.841271115225297 ], [ -77.048016594699405, 38.841267659599403 ], [ -77.047861594167998, 38.841262539176498 ], [ -77.047472385655695, 38.841249680508398 ], [ -77.046679324021895, 38.841223368034697 ], [ -77.046619698788405, 38.841221243179398 ], [ -77.046563573436501, 38.841217805698903 ], [ -77.046503948398595, 38.841214305933498 ], [ -77.0464478241027, 38.841210930576203 ], [ -77.046391761464207, 38.841204681015903 ], [ -77.046332198634005, 38.8411999305102 ], [ -77.046307698983398, 38.8411954313463 ], [ -77.046291760831494, 38.841075055876601 ], [ -77.046213261243594, 38.840484367705201 ], [ -77.046035385576204, 38.840424555674801 ], [ -77.045987909194196, 38.840343292627402 ], [ -77.045983589546296, 38.840340546167603 ], [ -77.045973263989595, 38.840323778555799 ], [ -77.045953635499401, 38.840299930429403 ], [ -77.045921331715505, 38.840239450194098 ], [ -77.045907327860107, 38.840216711439602 ], [ -77.045874587975902, 38.84016354693 ], [ -77.045852470497096, 38.840077630131702 ], [ -77.045851654617096, 38.8400744585797 ], [ -77.045848581598804, 38.840062547749703 ], [ -77.045856587901895, 38.840026547558303 ], [ -77.045967588061401, 38.840017547327001 ], [ -77.045988962266904, 38.839981134318599 ], [ -77.045994588051798, 38.839971547597102 ], [ -77.046018276644205, 38.8399767106987 ], [ -77.046072588191393, 38.839988546291302 ], [ -77.046105894242501, 38.840001868612802 ], [ -77.046137587880196, 38.8400145474927 ], [ -77.046217778546904, 38.840072423327697 ], [ -77.046252588635397, 38.840097547798301 ], [ -77.046311588572394, 38.840108546701202 ], [ -77.046338588385098, 38.840088546591097 ], [ -77.046377588866704, 38.840083546406902 ], [ -77.046399368501994, 38.840086897397399 ], [ -77.046410308273494, 38.840088580717399 ], [ -77.046416590095902, 38.840089546853399 ], [ -77.046422833878097, 38.840067243608502 ], [ -77.046423588878298, 38.840064547397198 ], [ -77.046440005245699, 38.8400615631299 ], [ -77.046445588783101, 38.840060546628997 ], [ -77.046447237576501, 38.840051542203099 ], [ -77.046449494138997, 38.840039204570601 ], [ -77.046458068126, 38.839992390928103 ], [ -77.046458589961802, 38.839989546775698 ], [ -77.046472507971998, 38.839984099892497 ], [ -77.046481589598102, 38.839980547281698 ], [ -77.046479121776599, 38.839960816485302 ], [ -77.046478588439101, 38.839956547472497 ], [ -77.046479210644094, 38.839956085781303 ], [ -77.046505588148193, 38.839936547323198 ], [ -77.046509590471103, 38.839927541409097 ], [ -77.046511488969102, 38.839923272779799 ], [ -77.046517587839006, 38.839909547509301 ], [ -77.046510448403296, 38.839902406438597 ], [ -77.046487588109301, 38.8398795463658 ], [ -77.046453947005503, 38.839865759616202 ], [ -77.0464464818685, 38.839862700329299 ], [ -77.0464265885809, 38.839854546303002 ], [ -77.046412588272105, 38.839830547218497 ], [ -77.046415282600904, 38.839819233084299 ], [ -77.046422590027902, 38.8397885470307 ], [ -77.046419340945206, 38.839785839972301 ], [ -77.046398587893194, 38.839768545937098 ], [ -77.046378212790998, 38.839749369983501 ], [ -77.046364588706695, 38.839736547368098 ], [ -77.046349589249502, 38.839704547150802 ], [ -77.046333648257999, 38.839693160786197 ], [ -77.046307589448404, 38.839674546894798 ], [ -77.0463076641079, 38.839672225162801 ], [ -77.046311483674401, 38.839555730598903 ], [ -77.0463115431304, 38.839553932132198 ], [ -77.046311589626399, 38.839552546141398 ], [ -77.046308756515302, 38.8395501190221 ], [ -77.046273995155204, 38.839520324625099 ], [ -77.046262589229997, 38.8395105476624 ], [ -77.046255588445007, 38.839474546262501 ], [ -77.046253731652897, 38.839473910616498 ], [ -77.046217589835095, 38.839461546058601 ], [ -77.046217381298305, 38.839461376799299 ], [ -77.0462065886625, 38.839452546220002 ], [ -77.046184662082993, 38.839419655625598 ], [ -77.046180589121604, 38.839413547167801 ], [ -77.046181669361005, 38.839412140646203 ], [ -77.046200588689203, 38.839387546524598 ], [ -77.046204866267104, 38.839382412721299 ], [ -77.046213645713806, 38.839371877606403 ], [ -77.046215587921296, 38.839369546571803 ], [ -77.046214114200495, 38.839350392075403 ], [ -77.046213801668799, 38.839346313193701 ], [ -77.046212587653997, 38.839330546794599 ], [ -77.046198088477098, 38.839315490666998 ], [ -77.046191413783802, 38.839308557144697 ], [ -77.0461865882409, 38.839303546636501 ], [ -77.046183696482998, 38.839301570164999 ], [ -77.046182422731903, 38.839300700284198 ], [ -77.046128146192103, 38.839263610552301 ], [ -77.046071774453793, 38.839225089353498 ], [ -77.046068764513805, 38.839223033032098 ], [ -77.046066588566006, 38.839221547434498 ], [ -77.046065258536103, 38.839211568219497 ], [ -77.046062588219201, 38.839191547496497 ], [ -77.046053010769896, 38.8391715213955 ], [ -77.046052381910698, 38.839170207223397 ], [ -77.046018587871202, 38.839099546682199 ], [ -77.046010622366197, 38.839094464834197 ], [ -77.045960587720998, 38.839062546784199 ], [ -77.045957881586205, 38.839058913951703 ], [ -77.045940740752698, 38.839035909289599 ], [ -77.045922588366906, 38.839011546068797 ], [ -77.045767588556402, 38.838947546434703 ], [ -77.045687745412806, 38.838874357456902 ], [ -77.045683587973301, 38.838870546265099 ], [ -77.045680173406396, 38.838872031071503 ], [ -77.045637587837305, 38.8388905459406 ], [ -77.045615373790696, 38.838885116326502 ], [ -77.0455925877406, 38.838879547179999 ], [ -77.045565686171798, 38.838864003931299 ], [ -77.045547587458699, 38.838853546627 ], [ -77.045519706398906, 38.838812205046203 ], [ -77.045518588039798, 38.838810546046602 ], [ -77.045517581323097, 38.838809972277303 ], [ -77.045469588358699, 38.838782547138997 ], [ -77.0454135880846, 38.838761547448897 ], [ -77.045408524404493, 38.838752431915204 ], [ -77.045383588275598, 38.838707546408202 ], [ -77.045377587333505, 38.838665547074498 ], [ -77.045374838091206, 38.8386610875191 ], [ -77.045356510025101, 38.838631365860302 ], [ -77.045340587701205, 38.838605546311797 ], [ -77.045334742755998, 38.838561705557296 ], [ -77.045332587686303, 38.838545546376999 ], [ -77.045320218466003, 38.838511291989398 ], [ -77.045319588003096, 38.838509546236502 ], [ -77.045311928268703, 38.838506264629601 ], [ -77.045277588077994, 38.838491546286697 ], [ -77.045278798970003, 38.838487273657897 ], [ -77.045294588021505, 38.838431547175297 ], [ -77.045304029598498, 38.838413577556501 ], [ -77.045325588252098, 38.838372545952801 ], [ -77.045332061160195, 38.838363106704001 ], [ -77.045349587787996, 38.838337545847303 ], [ -77.0453591833394, 38.838315955398699 ], [ -77.045361587646198, 38.838310546141201 ], [ -77.045398000344207, 38.838282839925199 ], [ -77.045407587299394, 38.8382755456947 ], [ -77.045424588112098, 38.838222546081099 ], [ -77.045422532792401, 38.838211754215898 ], [ -77.045420587761299, 38.838201545733497 ], [ -77.045428587699007, 38.8381715458261 ], [ -77.045437887486202, 38.838155852049297 ], [ -77.045444588252096, 38.838144546139702 ], [ -77.045438588326704, 38.838058546051997 ], [ -77.045439557199202, 38.838029487895398 ], [ -77.045440245649402, 38.838008812338103 ], [ -77.045440587281007, 38.837998545702703 ], [ -77.045432587884704, 38.837983545696403 ], [ -77.045433587280996, 38.837948546129603 ], [ -77.0454436972786, 38.837923905113499 ], [ -77.045446036057001, 38.837918204033897 ], [ -77.045449587855302, 38.837909545741702 ], [ -77.045446588279603, 38.837885545908499 ], [ -77.045444000650207, 38.837879194552301 ], [ -77.045442319440994, 38.837875068972899 ], [ -77.045435588115495, 38.837858545853003 ], [ -77.045431588319602, 38.837843545860999 ], [ -77.045426689997498, 38.837835084664903 ], [ -77.045398587743904, 38.837786546184603 ], [ -77.045392022641593, 38.837782287999801 ], [ -77.045361587168998, 38.837762545699597 ], [ -77.0453545236537, 38.837755482973797 ], [ -77.045342596120904, 38.837743554277502 ], [ -77.045333890941805, 38.837734849487397 ], [ -77.045331587631196, 38.837732546032498 ], [ -77.045329792290204, 38.837703807689202 ], [ -77.045328588270294, 38.837684545696099 ], [ -77.045333588012099, 38.837434546199297 ], [ -77.045329532649802, 38.837428772178797 ], [ -77.045316665649395, 38.837410453082803 ], [ -77.045274588187496, 38.837350546102897 ], [ -77.045271076539905, 38.837329479725703 ], [ -77.045270587666906, 38.837326545567102 ], [ -77.045272079185196, 38.8373202474679 ], [ -77.045273991420203, 38.8373121742991 ], [ -77.045279587128107, 38.837288545871999 ], [ -77.045302587216895, 38.837279545716797 ], [ -77.045304479308896, 38.837277753746498 ], [ -77.045321588088399, 38.837261545917002 ], [ -77.0453221405714, 38.8372587823321 ], [ -77.045330321037198, 38.837217879520097 ], [ -77.045334588116503, 38.837196545569199 ], [ -77.045312587390697, 38.837160545571599 ], [ -77.045285587817403, 38.837057546357002 ], [ -77.045288588066398, 38.8370295458651 ], [ -77.045276637168101, 38.8370056440951 ], [ -77.045265587420602, 38.83698354549 ], [ -77.045268386652893, 38.836963021323101 ], [ -77.045271587804606, 38.836939546108702 ], [ -77.045253587629702, 38.8368615454688 ], [ -77.045246732325097, 38.8368372194372 ], [ -77.045222587739204, 38.836751545788303 ], [ -77.045227655140494, 38.836740970137299 ], [ -77.045245587668006, 38.836703546057997 ], [ -77.045237484533502, 38.836679973972501 ], [ -77.045235793010306, 38.8366750518176 ], [ -77.045234587709999, 38.836671545682002 ], [ -77.045219076598698, 38.836645694256902 ], [ -77.045216587231593, 38.836641546042102 ], [ -77.045219317371405, 38.836632674855402 ], [ -77.045228588136197, 38.836602544749198 ], [ -77.045210587329095, 38.836542546044903 ], [ -77.045199587718798, 38.836518546138002 ], [ -77.045152517755398, 38.836462650422199 ], [ -77.045151587505202, 38.836461545133098 ], [ -77.045152890329504, 38.836444605331501 ], [ -77.045156587384298, 38.836396544729098 ], [ -77.045155587508006, 38.8363305455741 ], [ -77.045146587658294, 38.836257545945301 ], [ -77.045128587663598, 38.836191545977698 ], [ -77.045084586928795, 38.836180545867101 ], [ -77.045059587615498, 38.836133545829 ], [ -77.045057587537499, 38.836093544808598 ], [ -77.045113587205606, 38.836039544792598 ], [ -77.045198587029702, 38.835974545897599 ], [ -77.045222587708395, 38.835943546056903 ], [ -77.045134587911804, 38.835897545393202 ], [ -77.045107587329994, 38.835876545509798 ], [ -77.045091587942096, 38.835841546027602 ], [ -77.045078920504395, 38.8358257880775 ], [ -77.045073106978904, 38.835818557930601 ], [ -77.045050587839199, 38.835790545603402 ], [ -77.0450525869296, 38.835688544552902 ], [ -77.045049587138905, 38.8356415451372 ], [ -77.045043414203604, 38.835634600639999 ], [ -77.045033587762305, 38.8356235448449 ], [ -77.045032749550401, 38.835611986925798 ], [ -77.045028587149702, 38.835554545453697 ], [ -77.045022586894703, 38.835537545745801 ], [ -77.045022587867095, 38.835485544491902 ], [ -77.045012586896306, 38.8354265449628 ], [ -77.045001512026204, 38.835404394654802 ], [ -77.0449975875555, 38.835396545541798 ], [ -77.044997383333794, 38.8353876379798 ], [ -77.044995587388698, 38.835309544439198 ], [ -77.044968587652406, 38.835277545680299 ], [ -77.044956942514602, 38.8352237981426 ], [ -77.044955587866099, 38.8352175458446 ], [ -77.044935555437604, 38.835209110517702 ], [ -77.044917586890605, 38.835201544969202 ], [ -77.044912587192101, 38.835109545117199 ], [ -77.044909914810304, 38.835104199959197 ], [ -77.044905587404799, 38.835095544898302 ], [ -77.044907127491399, 38.835087077004303 ], [ -77.044909586924405, 38.835073544532598 ], [ -77.044902922504306, 38.835061696346003 ], [ -77.044900587618699, 38.835057545532401 ], [ -77.044899063250995, 38.835028578074599 ], [ -77.044898587439803, 38.835019544614497 ], [ -77.044887585625901, 38.834997545657501 ], [ -77.0448839550439, 38.8349886676897 ], [ -77.044869587272004, 38.834953544242602 ], [ -77.0448690100486, 38.834947866480199 ], [ -77.044866212010007, 38.834920360794399 ], [ -77.044863889625304, 38.834897519839799 ], [ -77.044863587053896, 38.834894545642399 ], [ -77.044862051178001, 38.834891722830299 ], [ -77.044850931185806, 38.834871293667703 ], [ -77.044841041716296, 38.8348531240377 ], [ -77.044839342578996, 38.834850001886203 ], [ -77.044831070062699, 38.834834803829402 ], [ -77.044820587565695, 38.834815544798502 ], [ -77.044821584707606, 38.834801924823502 ], [ -77.044823587596397, 38.8347745444309 ], [ -77.044815210653795, 38.834765351739797 ], [ -77.044782587625093, 38.834729544247303 ], [ -77.044784316529899, 38.834709089696901 ], [ -77.044788587071594, 38.834658544155602 ], [ -77.0447854191343, 38.834654462293898 ], [ -77.044783290681494, 38.834651721327603 ], [ -77.044736586652903, 38.8345915440987 ], [ -77.044734668859505, 38.834558292223299 ], [ -77.044733891494403, 38.834544815119401 ], [ -77.0447320545709, 38.834512972437899 ], [ -77.044730587549694, 38.834487544632701 ], [ -77.0447224219633, 38.8344790654075 ], [ -77.044707744678604, 38.8344638239601 ], [ -77.044704586974305, 38.834460544973098 ], [ -77.044702266157003, 38.834454849192397 ], [ -77.044671586614896, 38.834379544499797 ], [ -77.044659845211399, 38.834361933002199 ], [ -77.044653587182694, 38.834352544938099 ], [ -77.044650047587595, 38.834331566470198 ], [ -77.044639587685197, 38.834269544801202 ], [ -77.044640585612399, 38.834245544939897 ], [ -77.044581587600405, 38.834155544054902 ], [ -77.044579183965098, 38.834153252851699 ], [ -77.044538586826704, 38.834114544425503 ], [ -77.044544020467896, 38.834091182490198 ], [ -77.044548587269503, 38.834071544260702 ], [ -77.044507635841796, 38.833982584297701 ], [ -77.044495512771107, 38.8339562468081 ], [ -77.044490586516005, 38.833945545441303 ], [ -77.044485833226005, 38.833938414900103 ], [ -77.044463805050796, 38.833905373091902 ], [ -77.044460586643396, 38.8339005446038 ], [ -77.044450931517204, 38.833855031168497 ], [ -77.044450138844596, 38.833851289584103 ], [ -77.044446587230595, 38.833834544542697 ], [ -77.044439300222393, 38.833822620129901 ], [ -77.044420856360802, 38.833792440050502 ], [ -77.044402586448598, 38.8337625441239 ], [ -77.044397542802201, 38.833756725370897 ], [ -77.044388029570001, 38.833745749077202 ], [ -77.0443505867932, 38.833702544295598 ], [ -77.044344250866899, 38.833692344387103 ], [ -77.044312977240196, 38.8336420012647 ], [ -77.044309587291295, 38.833636544480797 ], [ -77.044277622984694, 38.833616973894202 ], [ -77.044260587261505, 38.833606543959903 ], [ -77.0442463310374, 38.833601000140398 ], [ -77.044242586970498, 38.833599544606102 ], [ -77.044223242551695, 38.833579359323501 ], [ -77.044219585489998, 38.833575544366497 ], [ -77.044204844652498, 38.833555441411001 ], [ -77.044197586867398, 38.833545544491997 ], [ -77.044171585864603, 38.833536543967398 ], [ -77.044155693771799, 38.833537259497902 ], [ -77.044060585583495, 38.833541543954603 ], [ -77.043976586707899, 38.833531544579401 ], [ -77.043972069187802, 38.833526821588599 ], [ -77.043946804885195, 38.833500410195398 ], [ -77.043932586853501, 38.833485544633099 ], [ -77.043930277659797, 38.833480927421597 ], [ -77.043917587235896, 38.833455544145103 ], [ -77.043910455542601, 38.833452836588201 ], [ -77.043850064333597, 38.833429903099898 ], [ -77.043842458277993, 38.833427014867901 ], [ -77.043838586675406, 38.833425544223701 ], [ -77.043796586721399, 38.833397543984297 ], [ -77.043792345619394, 38.833392596474397 ], [ -77.043783900561294, 38.8333827442599 ], [ -77.043778587112499, 38.833376544631101 ], [ -77.043780338005504, 38.833373192280803 ], [ -77.043801586443905, 38.833332544477102 ], [ -77.043799766477306, 38.833272456145401 ], [ -77.043799586885598, 38.833266544555002 ], [ -77.043845587201005, 38.833243544533502 ], [ -77.043846197890602, 38.833223372526703 ], [ -77.043846587074498, 38.833210544156302 ], [ -77.043801814016803, 38.833200863758499 ], [ -77.043772586538694, 38.833194543992398 ], [ -77.043759585133301, 38.833158544491098 ], [ -77.043762842351498, 38.833154867567998 ], [ -77.043767359793307, 38.833149767457101 ], [ -77.043788546497296, 38.833125847816198 ], [ -77.043790585969802, 38.8331235441538 ], [ -77.043790742189998, 38.833122543329601 ], [ -77.043791352448594, 38.833118636253197 ], [ -77.043795586788093, 38.833091543926599 ], [ -77.043756415976603, 38.833043670374103 ], [ -77.043750585719707, 38.833036544455602 ], [ -77.0437502413548, 38.833034611238503 ], [ -77.043740586351603, 38.832980544065101 ], [ -77.043738778360094, 38.832978817925301 ], [ -77.043718585248797, 38.832959544599497 ], [ -77.043712978678798, 38.832948546447902 ], [ -77.043692585170504, 38.8329085441651 ], [ -77.0436836991273, 38.832886590249899 ], [ -77.043675585310595, 38.832866544228096 ], [ -77.043674396067004, 38.832850214079798 ], [ -77.043668585910396, 38.832770544423198 ], [ -77.043646585979104, 38.8327135446022 ], [ -77.043615585317596, 38.832661544198402 ], [ -77.043615897911195, 38.832656127932999 ], [ -77.043618327747396, 38.832614022227901 ], [ -77.043618585603795, 38.832609544078203 ], [ -77.043613223337204, 38.832600246351198 ], [ -77.043611069042697, 38.832596513088902 ], [ -77.043603586941003, 38.8325835437916 ], [ -77.043605585868804, 38.832484543742503 ], [ -77.043576879152496, 38.832442969711998 ], [ -77.043576584838405, 38.8324425444127 ], [ -77.043575728597901, 38.832440860713497 ], [ -77.043547585194005, 38.832385544192199 ], [ -77.043552585984401, 38.8323225439105 ], [ -77.043527586997399, 38.832232544500499 ], [ -77.043512583492003, 38.832208719043798 ], [ -77.043510586052406, 38.832205544516 ], [ -77.043510245270198, 38.832200028244003 ], [ -77.043506585312699, 38.8321405441176 ], [ -77.043484685383902, 38.832108100123001 ], [ -77.043479586164295, 38.832100544495901 ], [ -77.043479311488596, 38.832095971443103 ], [ -77.043468586490903, 38.831916543778497 ], [ -77.043468147503305, 38.831916266241798 ], [ -77.043430769394604, 38.831892545986399 ], [ -77.0434165848758, 38.831883544182297 ], [ -77.043405328746601, 38.831877647375002 ], [ -77.043374585202599, 38.831861544132799 ], [ -77.043371668198105, 38.831836189287699 ], [ -77.043361585605993, 38.831748544464801 ], [ -77.043342586033503, 38.831728544391098 ], [ -77.043344586657398, 38.831694542850499 ], [ -77.043333490955206, 38.831677901434098 ], [ -77.043318585703801, 38.831655543921698 ], [ -77.043318961924498, 38.831653294401697 ], [ -77.043322585763093, 38.831631544375597 ], [ -77.043284550270002, 38.831551668384201 ], [ -77.0432825848237, 38.831547542840099 ], [ -77.043282259927594, 38.831545672929103 ], [ -77.043278585699198, 38.831524544070497 ], [ -77.043211586510793, 38.8314455437432 ], [ -77.043209341602605, 38.831444859981403 ], [ -77.043188586692096, 38.831438543421001 ], [ -77.043152585114896, 38.8313855437965 ], [ -77.043142681848295, 38.8313761599412 ], [ -77.0431335865796, 38.8313675438187 ], [ -77.0431273810742, 38.831366716288599 ], [ -77.043103584857107, 38.831363544132103 ], [ -77.043061083569498, 38.831316955171602 ], [ -77.043051584739302, 38.831306543834401 ], [ -77.043002586137106, 38.831264542939898 ], [ -77.042984167188607, 38.831259250898697 ], [ -77.042915585184403, 38.831239544230698 ], [ -77.042894260013199, 38.831224779486497 ], [ -77.042889584670903, 38.8312215437684 ], [ -77.042809585246502, 38.831205544159801 ], [ -77.042798446061099, 38.8312067194408 ], [ -77.042705668836106, 38.831216504110301 ], [ -77.042694399210504, 38.831217693078003 ], [ -77.042663393041906, 38.831220963226698 ], [ -77.042626886569593, 38.831224811949603 ], [ -77.042556010193593, 38.831232287231202 ], [ -77.042553584955797, 38.831232543616501 ], [ -77.042552399759899, 38.831233448773098 ], [ -77.042515821739002, 38.831261362892398 ], [ -77.042515584242693, 38.831261543737803 ], [ -77.042472603820002, 38.831263262338403 ], [ -77.042465585652593, 38.8312635436668 ], [ -77.042427585111298, 38.831242544343297 ], [ -77.042393584695603, 38.831239544423497 ], [ -77.042278584532099, 38.831288543418097 ], [ -77.042123782544394, 38.831344834828698 ], [ -77.042113584779898, 38.831348543513997 ], [ -77.042112391996497, 38.831358558132102 ], [ -77.042109750629606, 38.831380747384202 ], [ -77.042108585302302, 38.831390544312001 ], [ -77.042110218410201, 38.831395887443797 ], [ -77.042119584804297, 38.831426543482699 ], [ -77.042115079686894, 38.831428880455398 ], [ -77.042098926509993, 38.831437256886197 ], [ -77.042092584475, 38.831440544070396 ], [ -77.042046584396303, 38.831446543283199 ], [ -77.042025637566894, 38.831456319699697 ], [ -77.042016584610195, 38.831460544431202 ], [ -77.042007882758895, 38.831472664091102 ], [ -77.041988584765505, 38.831499544000401 ], [ -77.041984197874498, 38.831512338023998 ], [ -77.041983555021702, 38.831514215737101 ], [ -77.041976764632196, 38.8315340226684 ], [ -77.041976585895398, 38.831534543002 ], [ -77.041976732367999, 38.831535554792701 ], [ -77.041983584296901, 38.831582543655301 ], [ -77.041963585109997, 38.831602544163196 ], [ -77.041981573817296, 38.8316139358923 ], [ -77.041987876313001, 38.831617928843002 ], [ -77.041993584077105, 38.831621543211199 ], [ -77.041996853629598, 38.831629568997798 ], [ -77.042002612695299, 38.831643703557397 ], [ -77.042004585446094, 38.831648543672102 ], [ -77.042002218289994, 38.831667947870699 ], [ -77.0419995854582, 38.831689544396802 ], [ -77.042004852355703, 38.831703525084897 ], [ -77.042025584688901, 38.831758544516198 ], [ -77.042039585169405, 38.831803544577198 ], [ -77.042049243379395, 38.831821702588002 ], [ -77.042059765890301, 38.831841485846702 ], [ -77.042062951274204, 38.831847474426297 ], [ -77.042064584471404, 38.831850544448997 ], [ -77.042071600670795, 38.831853142572598 ], [ -77.042091584862007, 38.831860544415903 ], [ -77.042151584853897, 38.831980543802302 ], [ -77.042155584637001, 38.832102544086503 ], [ -77.042203585176097, 38.832180544107402 ], [ -77.042199448359497, 38.832225215236498 ], [ -77.042198585113695, 38.832234543815098 ], [ -77.042204108451003, 38.832239642456798 ], [ -77.042224584957296, 38.832258543876002 ], [ -77.042224258940905, 38.832263368045197 ], [ -77.042220791424498, 38.832314674012999 ], [ -77.042220649174695, 38.832316801203099 ], [ -77.042219584286102, 38.832332543879602 ], [ -77.042220279658693, 38.8323340363903 ], [ -77.042246584804801, 38.832390543996702 ], [ -77.042247560175696, 38.832424653660603 ], [ -77.042247584715895, 38.8324255441091 ], [ -77.042248210832895, 38.832426816827201 ], [ -77.042277584906998, 38.832486543816998 ], [ -77.042299584552296, 38.832521544386601 ], [ -77.042298044009499, 38.832565481950802 ], [ -77.042297586442601, 38.832578544621299 ], [ -77.042329351681303, 38.8326039568867 ], [ -77.042337585132898, 38.8326105442247 ], [ -77.042351585115398, 38.832637544047202 ], [ -77.042349748780197, 38.832676137975902 ], [ -77.042349586324704, 38.832679544271201 ], [ -77.042354922199905, 38.832682417920303 ], [ -77.042401584717794, 38.832707543992299 ], [ -77.042439584425793, 38.832852544441501 ], [ -77.042466584909604, 38.832925544495701 ], [ -77.042499584798094, 38.832967544209801 ], [ -77.042506584800094, 38.832991544289698 ], [ -77.042521877325598, 38.833016104136398 ], [ -77.042522650417098, 38.833017343540803 ], [ -77.042539584901405, 38.833044544654101 ], [ -77.042528584668105, 38.833063544329299 ], [ -77.042534585316702, 38.833096544248498 ], [ -77.042545462285304, 38.833113635297501 ], [ -77.042549667266002, 38.833120243766402 ], [ -77.042562585882393, 38.833140544142701 ], [ -77.042557964107104, 38.833170584048197 ], [ -77.042556585425004, 38.833179544042103 ], [ -77.042566496327595, 38.833209272498799 ], [ -77.042581586193606, 38.833254544574402 ], [ -77.042583584866307, 38.833347544336803 ], [ -77.042566585325304, 38.833421543985303 ], [ -77.042530585242204, 38.833492544442898 ], [ -77.042511816701094, 38.833511313401203 ], [ -77.042460584452897, 38.833562544219397 ], [ -77.042394483618907, 38.83361558867 ], [ -77.042379586584602, 38.833627544919302 ], [ -77.042321583553303, 38.833657149754202 ], [ -77.042311560775403, 38.8336622661216 ], [ -77.042283585260904, 38.833676544751 ], [ -77.0422656329456, 38.833683303268799 ], [ -77.042198585106306, 38.833708544093099 ], [ -77.042137806120095, 38.833722139526003 ], [ -77.042122585043103, 38.833725544358998 ], [ -77.042052167670406, 38.8337324142176 ], [ -77.042040585501795, 38.833733545187002 ], [ -77.042033999008794, 38.833734225572201 ], [ -77.042011584542607, 38.833736544572503 ], [ -77.041980279036807, 38.833733625778599 ], [ -77.0419216448621, 38.833728160115001 ], [ -77.041893586135004, 38.833725544714 ], [ -77.041791584648607, 38.833691544808403 ], [ -77.041777032496796, 38.833683395052198 ], [ -77.041716584727695, 38.833649544689301 ], [ -77.041222086137196, 38.833351177164602 ], [ -77.0411748812962, 38.833322695036301 ], [ -77.041005584620706, 38.833220544857497 ], [ -77.040984093323601, 38.833208843660898 ], [ -77.040915584128996, 38.833171544703703 ], [ -77.040833584134603, 38.8331295443664 ], [ -77.040772584639797, 38.833077544106303 ], [ -77.040762072300595, 38.833072287864397 ], [ -77.040732336950896, 38.833057419966501 ], [ -77.040710584768206, 38.833046544353202 ], [ -77.040706185846702, 38.833043139003401 ], [ -77.040653090423405, 38.833002033105998 ], [ -77.040648583772693, 38.832998544427397 ], [ -77.040606584479207, 38.832985544839701 ], [ -77.040572111123694, 38.832964859977103 ], [ -77.040562146811695, 38.832958881659003 ], [ -77.040546584699399, 38.832949544340103 ], [ -77.040481969994502, 38.832899575666801 ], [ -77.040471584380796, 38.832891544229803 ], [ -77.040453512113601, 38.832889641897999 ], [ -77.040414583700198, 38.832885544029303 ], [ -77.040134089282702, 38.832711401687199 ], [ -77.039963584238095, 38.832605544609699 ], [ -77.039954948970703, 38.832603037035597 ], [ -77.039932583817603, 38.832596544003898 ], [ -77.039860583307004, 38.832586544074303 ], [ -77.039785583235897, 38.832567544073797 ], [ -77.039781178855606, 38.832565656730203 ], [ -77.039775835827896, 38.832563366692803 ], [ -77.039743583512504, 38.832549544763403 ], [ -77.039717583301496, 38.832531544504803 ], [ -77.039709105068397, 38.832519674334698 ], [ -77.039687583548599, 38.832489544372997 ], [ -77.039561584023801, 38.832404544401498 ], [ -77.039350240351993, 38.832287344205902 ], [ -77.039341583817603, 38.832282544290003 ], [ -77.039323895914407, 38.832270590098702 ], [ -77.039233582996303, 38.832209544355003 ], [ -77.039176583553996, 38.8321635447315 ], [ -77.039120583234293, 38.832115544780898 ], [ -77.039043582971203, 38.832048544406298 ], [ -77.039008583907304, 38.831971544592399 ], [ -77.038995059499698, 38.831964262280998 ], [ -77.038956582745698, 38.831943544206702 ], [ -77.038903582190102, 38.831901544016503 ], [ -77.038901206028797, 38.831877764338401 ], [ -77.0389005827397, 38.831871544488401 ], [ -77.038885587064897, 38.8318606012826 ], [ -77.038863583880499, 38.831844544397903 ], [ -77.038863467876098, 38.831844018597302 ], [ -77.0388595835133, 38.831826543048301 ], [ -77.038829401119401, 38.831797179014501 ], [ -77.038822583526198, 38.831790544183399 ], [ -77.038823239970597, 38.831787097190798 ], [ -77.038826582803793, 38.831769544044697 ], [ -77.038825635418902, 38.831768779050201 ], [ -77.038802136760197, 38.831749798852101 ], [ -77.038800583094996, 38.831748544297497 ], [ -77.0387679419552, 38.831747685607603 ], [ -77.038762582938503, 38.831747544103102 ], [ -77.038721606282195, 38.831719948458499 ], [ -77.038713582999193, 38.831714544630103 ], [ -77.038703984593297, 38.831688056840598 ], [ -77.038693425525693, 38.831658910079902 ], [ -77.0386885833082, 38.83164554447 ], [ -77.038664508478604, 38.831632239397301 ], [ -77.038650583669295, 38.831624543925599 ], [ -77.038623582692296, 38.831611543869997 ], [ -77.038625180417299, 38.831603729052901 ], [ -77.038629529577804, 38.831582462088498 ], [ -77.038631750004001, 38.831571613398197 ], [ -77.038632582700401, 38.831567543337798 ], [ -77.038617000147596, 38.831558048732397 ], [ -77.038568582389502, 38.831528543143797 ], [ -77.038566082138502, 38.831523542336001 ], [ -77.038561107078607, 38.831513592391602 ], [ -77.038555089434595, 38.831501556364202 ], [ -77.038550583682706, 38.831492543851901 ], [ -77.038545448644598, 38.831470138000697 ], [ -77.038543518008296, 38.831461712544602 ], [ -77.038539583714694, 38.831444544487297 ], [ -77.0385227754401, 38.831434549890297 ], [ -77.038502583659906, 38.831422543665397 ], [ -77.038496200403003, 38.8314134744341 ], [ -77.038483582871507, 38.831395543243701 ], [ -77.038430107818201, 38.831325054094599 ], [ -77.038417583487401, 38.831308543963601 ], [ -77.038418733354305, 38.831293306901301 ], [ -77.038421583441206, 38.831255544589901 ], [ -77.038409580417294, 38.831250602017299 ], [ -77.038384308753606, 38.831240194768696 ], [ -77.038353582692906, 38.831227543773601 ], [ -77.0383078862627, 38.831198983731603 ], [ -77.038289582444193, 38.831187544259201 ], [ -77.038282086844205, 38.831168955173702 ], [ -77.038264582523595, 38.831125543517501 ], [ -77.038263928462996, 38.831104939515697 ], [ -77.038262586486397, 38.831062678773499 ], [ -77.038262583460806, 38.8310625444933 ], [ -77.038261820695595, 38.831061934055001 ], [ -77.038247581924693, 38.831050544306002 ], [ -77.038243038085298, 38.8310455558764 ], [ -77.038206582406602, 38.831005543515502 ], [ -77.038154581826007, 38.830942544222097 ], [ -77.038143582101199, 38.830906543746302 ], [ -77.038083581756894, 38.8308395445302 ], [ -77.038009582683202, 38.830755542831703 ], [ -77.038028582974405, 38.830732542968398 ], [ -77.038026581642498, 38.8306845439228 ], [ -77.038004726352497, 38.830664248808297 ], [ -77.037985065274498, 38.830645992859999 ], [ -77.037974312270705, 38.830636008745998 ], [ -77.037970581748397, 38.830632544043503 ], [ -77.037966531883399, 38.830629319521499 ], [ -77.037920469922199, 38.830592659672703 ], [ -77.037889003713502, 38.8305676147843 ], [ -77.037877296128201, 38.830558296287201 ], [ -77.037872582048905, 38.830554543634797 ], [ -77.037871870085297, 38.8305482713169 ], [ -77.037868250842493, 38.830516434182798 ], [ -77.037867581788902, 38.830510543503799 ], [ -77.037871724826005, 38.830507551691198 ], [ -77.037885581358793, 38.830497543521403 ], [ -77.037879344218595, 38.830491035689597 ], [ -77.037862581808398, 38.830473543805503 ], [ -77.0378436738972, 38.830441044988298 ], [ -77.037830581893004, 38.830418544464401 ], [ -77.037845401176199, 38.830368328705703 ], [ -77.037847294203104, 38.830361909552799 ], [ -77.037848583309597, 38.830357544263499 ], [ -77.037847476425, 38.830352565302697 ], [ -77.037843464700799, 38.830334516015697 ], [ -77.037842581510702, 38.830330543507202 ], [ -77.037841602515002, 38.830329522238699 ], [ -77.037819582046595, 38.830306542881303 ], [ -77.037819948584001, 38.830303985128403 ], [ -77.037826334676097, 38.830259285365003 ], [ -77.037826583240701, 38.8302575433096 ], [ -77.037829581459206, 38.8302325430897 ], [ -77.037830345852299, 38.830216500275 ], [ -77.037830582709304, 38.830211543461601 ], [ -77.037822668676299, 38.8302112502518 ], [ -77.037803581079601, 38.830210543033601 ], [ -77.037788582133402, 38.830195543530699 ], [ -77.037788181603005, 38.830194962829196 ], [ -77.037778209393593, 38.830180522383003 ], [ -77.037767023371401, 38.830164318055701 ], [ -77.037759581956706, 38.830153543598598 ], [ -77.037753581847298, 38.830046544240197 ], [ -77.037748757198599, 38.830033517561397 ], [ -77.037743582095402, 38.830019544115402 ], [ -77.037744149510502, 38.830013740016803 ], [ -77.037752582067299, 38.829927543376797 ], [ -77.037750920191002, 38.829920293395801 ], [ -77.037750758478893, 38.829919580526301 ], [ -77.037741582890703, 38.829879543018897 ], [ -77.037745582273601, 38.829864543275903 ], [ -77.037757212585504, 38.8298519153306 ], [ -77.037776301168506, 38.829831189718298 ], [ -77.037780581541099, 38.829826542761303 ], [ -77.037777792415596, 38.829808414102096 ], [ -77.037774581131004, 38.829787543077202 ], [ -77.037758019434605, 38.829769141004803 ], [ -77.037747582815697, 38.829757542690402 ], [ -77.037750583171999, 38.829647542662698 ], [ -77.037720582176703, 38.8296115441266 ], [ -77.037718167371096, 38.829568079827602 ], [ -77.037717582573407, 38.829557543963602 ], [ -77.037703581749099, 38.829515542603801 ], [ -77.037712862412107, 38.8295059630521 ], [ -77.037734581627205, 38.829483543091001 ], [ -77.037763676169703, 38.8294685776387 ], [ -77.037769581159296, 38.829465542914598 ], [ -77.037773580931201, 38.829448543051001 ], [ -77.037769617973694, 38.829441111235603 ], [ -77.037765581767601, 38.829433543363898 ], [ -77.037764267069903, 38.829425648118402 ], [ -77.037759806218503, 38.829398888185999 ], [ -77.037759582516699, 38.829397542973503 ], [ -77.037788467782605, 38.829353825386001 ], [ -77.037796581377705, 38.829341542832204 ], [ -77.037808582728601, 38.829330543028099 ], [ -77.037809581270594, 38.829311542584598 ], [ -77.037792581162705, 38.8292885428761 ], [ -77.037782484210197, 38.829275256798503 ], [ -77.0377735819213, 38.829263543359097 ], [ -77.037767581104205, 38.829254542813104 ], [ -77.037766582243705, 38.829244543264402 ], [ -77.037768582809605, 38.829228543778598 ], [ -77.037770367117403, 38.829225369417202 ], [ -77.037777582970307, 38.829212544114299 ], [ -77.037789357153997, 38.829198049374099 ], [ -77.037790582247396, 38.829196543823898 ], [ -77.037798414285604, 38.829189885136103 ], [ -77.037810581876997, 38.829179544200301 ], [ -77.037812400558806, 38.829177453216303 ], [ -77.037828000980596, 38.829159512236203 ], [ -77.0378305827644, 38.829156543317602 ], [ -77.037831967003399, 38.829152991875603 ], [ -77.037853582324303, 38.829097543333198 ], [ -77.037854123934295, 38.829083446507603 ], [ -77.037854582881494, 38.829071542481202 ], [ -77.037841742472395, 38.829045862003397 ], [ -77.037840582596104, 38.829043542905197 ], [ -77.037840829851604, 38.829039319598699 ], [ -77.037841581861201, 38.8290265425928 ], [ -77.037844001978897, 38.829020086759698 ], [ -77.037847581514498, 38.829010542477697 ], [ -77.037853223111995, 38.829002849225297 ], [ -77.037858581552797, 38.828995542558999 ], [ -77.037868208807694, 38.828991167634499 ], [ -77.037869582946797, 38.828990544174999 ], [ -77.037884582333206, 38.828985543345603 ], [ -77.037890581328796, 38.8289615427258 ], [ -77.037892179345306, 38.828958466047702 ], [ -77.037917581311305, 38.828909542547599 ], [ -77.037919273688004, 38.828904999386502 ], [ -77.037936181520394, 38.828859614425099 ], [ -77.037936581135895, 38.828858542760699 ], [ -77.037943581223601, 38.828847542799998 ], [ -77.037952582010902, 38.8288365425379 ], [ -77.037958581322499, 38.828813542880802 ], [ -77.037952761759996, 38.828792756485399 ], [ -77.037951582878506, 38.828788542439597 ], [ -77.037951582876403, 38.828783564654401 ], [ -77.037951583147006, 38.8287675429467 ], [ -77.037951903803602, 38.828766163072302 ], [ -77.037955729974499, 38.828749765579701 ], [ -77.037958581944196, 38.828737542695301 ], [ -77.037969582003299, 38.828716542395398 ], [ -77.037979581197803, 38.828689542768799 ], [ -77.037988582849295, 38.828668542797097 ], [ -77.037987581377493, 38.828651542783703 ], [ -77.037985581697498, 38.828632542824003 ], [ -77.037973580947593, 38.828607543129898 ], [ -77.037978581176901, 38.828589543045801 ], [ -77.038010581135694, 38.8284915428262 ], [ -77.038018581275907, 38.828484542953497 ], [ -77.038018858714906, 38.828483249032303 ], [ -77.038018996081107, 38.828482611965299 ], [ -77.038021582293396, 38.828470542534497 ], [ -77.038012625646104, 38.828450640539103 ], [ -77.038012581566306, 38.828450542686603 ], [ -77.038011582395001, 38.828433542701198 ], [ -77.038016874174005, 38.828427810069101 ], [ -77.038035582090302, 38.828407542762797 ], [ -77.038040775795693, 38.828404081120503 ], [ -77.038052457034198, 38.828396291917002 ], [ -77.038053581473307, 38.828395542814597 ], [ -77.038053860112797, 38.828391361342199 ], [ -77.038054581420496, 38.828380542630903 ], [ -77.038053986625599, 38.828379094591398 ], [ -77.038047582495906, 38.828363542681899 ], [ -77.0380385813245, 38.828348543139398 ], [ -77.038023581172993, 38.828304542746302 ], [ -77.038025582598706, 38.828275542459401 ], [ -77.038032582267405, 38.8282605431408 ], [ -77.038045582877203, 38.8282425427142 ], [ -77.038060581843695, 38.828224542855097 ], [ -77.038068583178202, 38.828211542622299 ], [ -77.038076582636293, 38.828193542956797 ], [ -77.038075583023897, 38.828181542374303 ], [ -77.038069581499101, 38.828170542609001 ], [ -77.038062582552399, 38.828156542845498 ], [ -77.038060582046498, 38.828141543122499 ], [ -77.038067581790699, 38.828120542529902 ], [ -77.038074582996501, 38.828103543103801 ], [ -77.038078664097, 38.828096910647297 ], [ -77.038082582011995, 38.828090542840997 ], [ -77.038091582645393, 38.828082542751602 ], [ -77.038098581853504, 38.828072542831897 ], [ -77.038117111923597, 38.828059307966797 ], [ -77.038119581604704, 38.828057543125396 ], [ -77.038129582492104, 38.828038543099403 ], [ -77.038134744150696, 38.828020473842599 ], [ -77.038135581290902, 38.828017542647203 ], [ -77.038135580804607, 38.828003479607602 ], [ -77.038135581456302, 38.827965543030601 ], [ -77.038151581611899, 38.827951542365099 ], [ -77.038152084369301, 38.827947327645603 ], [ -77.038152844349099, 38.827940944824597 ], [ -77.038156583146005, 38.827909542602399 ], [ -77.038158962547101, 38.827897049844502 ], [ -77.038160582402298, 38.8278885424671 ], [ -77.038162846871899, 38.827884014536998 ], [ -77.038166582227106, 38.827876542583503 ], [ -77.038165104701307, 38.827858087900204 ], [ -77.038164582590696, 38.827851542252297 ], [ -77.038163070877204, 38.8278428571181 ], [ -77.038160581875005, 38.827828542344498 ], [ -77.038155581686297, 38.827815542318703 ], [ -77.038152032412995, 38.8278088391342 ], [ -77.038146582120007, 38.827798542677897 ], [ -77.0381461534636, 38.827793403686499 ], [ -77.038145581331506, 38.827786542981201 ], [ -77.038146582065906, 38.8277675425566 ], [ -77.0381495810622, 38.827757542355599 ], [ -77.038145581791895, 38.827744542184 ], [ -77.038143627668305, 38.827737503892898 ], [ -77.038140583188294, 38.8277265427676 ], [ -77.038139582473306, 38.827708542699398 ], [ -77.038145583066097, 38.827695542764097 ], [ -77.038146197507402, 38.827694498100598 ], [ -77.038155090791903, 38.827679378209503 ], [ -77.038155582337396, 38.827678542838903 ], [ -77.038159239331804, 38.827675654878497 ], [ -77.038174582462204, 38.827663542539298 ], [ -77.038178378162996, 38.827658480495501 ], [ -77.038180844292498, 38.827655192090603 ], [ -77.038183582693193, 38.827651542189699 ], [ -77.038187980237794, 38.827641867536002 ], [ -77.038193581219303, 38.8276295428428 ], [ -77.038194421759101, 38.827626783771798 ], [ -77.038200582413893, 38.827606543035799 ], [ -77.038207021567501, 38.827591518704502 ], [ -77.038209582713506, 38.827585543027404 ], [ -77.038240582608097, 38.827562543037402 ], [ -77.038255850582701, 38.827548972003498 ], [ -77.038267581947906, 38.827538542699003 ], [ -77.038273113742505, 38.827533010354401 ], [ -77.038282581833599, 38.827523543008603 ], [ -77.038276582785102, 38.8274975423519 ], [ -77.038284153932807, 38.827462384919997 ], [ -77.038290581420597, 38.827432542401901 ], [ -77.038298829491197, 38.827399041250402 ], [ -77.038304837765097, 38.827374628081202 ], [ -77.038306583012798, 38.82736754127 ], [ -77.038316141967996, 38.8273331266574 ], [ -77.038316583092694, 38.827331542864002 ], [ -77.038366485129103, 38.827286176874303 ], [ -77.038371581665999, 38.8272815427636 ], [ -77.038386581688698, 38.827187541759102 ], [ -77.0383400733202, 38.827143939993299 ], [ -77.0383385825738, 38.8271425420604 ], [ -77.038307581781197, 38.827113542437303 ], [ -77.038310808618704, 38.827096930243599 ], [ -77.038329217050702, 38.8270021815568 ], [ -77.038341582259207, 38.826938542416599 ], [ -77.038352567687795, 38.826922485445102 ], [ -77.038375381296902, 38.826889143179898 ], [ -77.038386994622002, 38.826872171445899 ], [ -77.038406581725695, 38.826843542436897 ], [ -77.038418206688704, 38.8267688474346 ], [ -77.038423073793595, 38.826737570969001 ], [ -77.038453582345596, 38.826541542324499 ], [ -77.038466669085196, 38.826468248488197 ], [ -77.0384685824353, 38.826457541019103 ], [ -77.038483138100801, 38.826425307670299 ], [ -77.038483569823001, 38.826405115392902 ], [ -77.038503758097093, 38.826277677788099 ], [ -77.038507570073804, 38.826259927757903 ], [ -77.038518445497203, 38.826243553164197 ], [ -77.038529257696894, 38.826231303264301 ], [ -77.038547070102894, 38.826219178383298 ], [ -77.038558070358803, 38.826195990501603 ], [ -77.038551382008706, 38.826178052940399 ], [ -77.038551819753593, 38.826158865303903 ], [ -77.038559257133898, 38.826138302586003 ], [ -77.038563069883295, 38.826121928324703 ], [ -77.038567069581305, 38.826099990278799 ], [ -77.038567364388996, 38.826083864115901 ], [ -77.038543581756997, 38.826051541610497 ], [ -77.038551948432598, 38.8260377215164 ], [ -77.038550819517198, 38.8260352406366 ], [ -77.038547633242203, 38.826018740469301 ], [ -77.038551570061699, 38.825999552262203 ], [ -77.038609882052597, 38.825894552944 ], [ -77.0386172575339, 38.825876803139899 ], [ -77.038607133137901, 38.825856053248103 ], [ -77.038607445454403, 38.825840990431701 ], [ -77.038607757071304, 38.825824490579997 ], [ -77.0386116952225, 38.8258039905934 ], [ -77.038612069713196, 38.8257847409024 ], [ -77.038616132138799, 38.825760115178497 ], [ -77.0386343817718, 38.825725990752602 ], [ -77.038648944195401, 38.825698677591497 ], [ -77.038652944725399, 38.825672678036597 ], [ -77.038656820113999, 38.825654864821601 ], [ -77.038657258278604, 38.8256342401613 ], [ -77.038657632642895, 38.825615052634099 ], [ -77.038647445060803, 38.825598427440099 ], [ -77.038644568403896, 38.825558903565302 ], [ -77.0386205825058, 38.825519541162002 ], [ -77.038626124068102, 38.825472433351997 ], [ -77.0386267256591, 38.825467321604997 ], [ -77.038630581980996, 38.825434542352703 ], [ -77.038633266915795, 38.825410254449402 ], [ -77.038633492944996, 38.8254082030817 ], [ -77.038663571958693, 38.825135938994002 ], [ -77.038665849181996, 38.825115328223603 ], [ -77.038669407022198, 38.825083121863301 ], [ -77.038669583161393, 38.825081541074901 ], [ -77.038672596814095, 38.8250786216622 ], [ -77.038764582420299, 38.824989540756498 ], [ -77.038753581086993, 38.824905540859604 ], [ -77.038765573502502, 38.824787229624 ], [ -77.038767529170897, 38.824767929343103 ], [ -77.038768581343703, 38.824757540892698 ], [ -77.038770819605404, 38.824754407304802 ], [ -77.038773820456498, 38.8247377400224 ], [ -77.038777507478898, 38.824726802363102 ], [ -77.038788382160007, 38.824711864759699 ], [ -77.0387817583903, 38.824693927107703 ], [ -77.038782069962195, 38.824677427251103 ], [ -77.038782256950597, 38.824666427088502 ], [ -77.0387931333117, 38.824648802850803 ], [ -77.038786382438701, 38.824637677556403 ], [ -77.038786631958303, 38.824625302410503 ], [ -77.038790445726903, 38.824608928150298 ], [ -77.038804757791794, 38.824596677657603 ], [ -77.038818881678495, 38.824590052199603 ], [ -77.038833133022493, 38.824580615538103 ], [ -77.038840600317599, 38.824578947146797 ], [ -77.038842581908099, 38.824573540849897 ], [ -77.038814581895096, 38.824567541396497 ], [ -77.038806582313597, 38.8245505407276 ], [ -77.038793583023804, 38.824521541017504 ], [ -77.038788581071003, 38.824488540632402 ], [ -77.038805581193401, 38.8244595405775 ], [ -77.038840581069394, 38.824437540748796 ], [ -77.038867002804693, 38.824426972661001 ], [ -77.038872209574293, 38.824424890511303 ], [ -77.038875582829704, 38.824423541434797 ], [ -77.038881262450502, 38.824402522543501 ], [ -77.038882572597004, 38.8243976808944 ], [ -77.038885457193501, 38.824387008031998 ], [ -77.038885583020203, 38.8243865411009 ], [ -77.038887579160502, 38.824385173976196 ], [ -77.038904581735196, 38.824373540792102 ], [ -77.038944581615098, 38.824331540669597 ], [ -77.038981581545499, 38.8242875408976 ], [ -77.039016582026505, 38.824243540546398 ], [ -77.039026761510499, 38.824210176894503 ], [ -77.039033127926601, 38.8241893070957 ], [ -77.039034582789697, 38.824184541125 ], [ -77.039049283081596, 38.824165430140901 ], [ -77.039054583024495, 38.824158540733599 ], [ -77.039064788914999, 38.824147767111803 ], [ -77.039072581913999, 38.8241395410884 ], [ -77.039089403694902, 38.824119750160598 ], [ -77.039089583020797, 38.8241195406682 ], [ -77.039091610180904, 38.824118912711398 ], [ -77.039119866244604, 38.824110167517198 ], [ -77.039131582909604, 38.824106541072801 ], [ -77.039162652027599, 38.824104846644097 ], [ -77.039186581696299, 38.824103540837299 ], [ -77.039221583282398, 38.824101541271098 ], [ -77.039260582068493, 38.8240775405203 ], [ -77.039339581807496, 38.824074540761501 ], [ -77.039358606533298, 38.824066255414003 ], [ -77.039378582093804, 38.824057541330497 ], [ -77.039413265426901, 38.824057540574202 ], [ -77.039415582715506, 38.824057540586502 ], [ -77.039415795005098, 38.824057465746499 ], [ -77.039444632555103, 38.8240472519444 ], [ -77.039455066416295, 38.824043556344897 ], [ -77.039463582634099, 38.8240405405244 ], [ -77.039508469308899, 38.824041438855197 ], [ -77.039513582076097, 38.824041541230002 ], [ -77.039518810338706, 38.8240377204718 ], [ -77.039539581915605, 38.8240225410878 ], [ -77.039549984156096, 38.824018700933202 ], [ -77.039604583207094, 38.823998541300099 ], [ -77.039604583234507, 38.823993613063699 ], [ -77.039604581547096, 38.823980331129498 ], [ -77.039604949702294, 38.823979444664403 ], [ -77.039632308566297, 38.823972279272901 ], [ -77.039646582010207, 38.823968540443403 ], [ -77.039656270482197, 38.823958851391303 ], [ -77.039668380762294, 38.823946740972097 ], [ -77.039672581319905, 38.823942540727998 ], [ -77.039672872013995, 38.823931248142301 ], [ -77.039673581754997, 38.8239035408238 ], [ -77.039682775273803, 38.823894346542197 ], [ -77.039690581516098, 38.823886540489497 ], [ -77.039685583234302, 38.823872540477801 ], [ -77.039682844246698, 38.823868584524902 ], [ -77.039681114476295, 38.823866086266797 ], [ -77.039679945165005, 38.823855114271701 ], [ -77.039677242745796, 38.823849643363403 ], [ -77.039677582615298, 38.823844540966597 ], [ -77.039680497000106, 38.823823165082203 ], [ -77.039680583404603, 38.823822540893097 ], [ -77.0396818210303, 38.8238214886604 ], [ -77.039700583393099, 38.823805540954602 ], [ -77.039714796525104, 38.823799725560797 ], [ -77.039722581327595, 38.823796541150401 ], [ -77.039731426105106, 38.823792261752502 ], [ -77.039753582257006, 38.823781541280901 ], [ -77.039756757610107, 38.823779160823499 ], [ -77.039773583024498, 38.8237665405643 ], [ -77.0397890611181, 38.823766540365199 ], [ -77.039799582159105, 38.823766540646503 ], [ -77.039803464801693, 38.823764210433097 ], [ -77.039803637357494, 38.823764107168302 ], [ -77.0398195829288, 38.823754541011198 ], [ -77.039914219865096, 38.823757574554101 ], [ -77.0399320450761, 38.823758145916699 ], [ -77.039975582018997, 38.823759540822799 ], [ -77.040017581872505, 38.8237675404269 ], [ -77.040024145583999, 38.823767540103603 ], [ -77.040036092471695, 38.823767540084603 ], [ -77.040053582622093, 38.823767540557903 ], [ -77.040061168205199, 38.823764863588501 ], [ -77.040070583193298, 38.823761540868503 ], [ -77.040085420820702, 38.8237580901041 ], [ -77.040113354477597, 38.823751593956402 ], [ -77.040113583597602, 38.823751540947498 ], [ -77.040141581877705, 38.823736540560098 ], [ -77.040167369803797, 38.823738204704398 ], [ -77.0401725826069, 38.823738540742198 ], [ -77.040179810374099, 38.823735958419199 ], [ -77.040191205361197, 38.823731890003003 ], [ -77.0402005828726, 38.823728540678701 ], [ -77.040267582270204, 38.823722540384097 ], [ -77.040271536247403, 38.823718739779402 ], [ -77.040293582819402, 38.823697540611498 ], [ -77.0402968617841, 38.823697540856699 ], [ -77.040346581893601, 38.823697540375903 ], [ -77.040357905870806, 38.823692148455102 ], [ -77.040388583073096, 38.823677540814202 ], [ -77.040389199882895, 38.823677396224603 ], [ -77.040422583444297, 38.823669540676697 ], [ -77.040426719758898, 38.823666231554697 ], [ -77.0404425836184, 38.823653540678698 ], [ -77.040443661035198, 38.823653513536698 ], [ -77.040521583228397, 38.823651541092303 ], [ -77.040527005820294, 38.823644954966099 ], [ -77.040535583620994, 38.823634541173398 ], [ -77.040555268254295, 38.823633271487402 ], [ -77.040591150139903, 38.8236309563177 ], [ -77.040597582917599, 38.823630540794703 ], [ -77.040622583567995, 38.823619541103398 ], [ -77.040632362119098, 38.823606204215402 ], [ -77.040633583352403, 38.823604540919902 ], [ -77.040654581873497, 38.823582540313602 ], [ -77.040671066560904, 38.823576588179797 ], [ -77.040690581821195, 38.823569540328002 ], [ -77.040765103229006, 38.823513254467997 ], [ -77.040776573092202, 38.823504591143802 ], [ -77.0407845830524, 38.823498540815699 ], [ -77.040799582916506, 38.823461540330598 ], [ -77.040792806652306, 38.823454318683098 ], [ -77.040811632689, 38.823443552098801 ], [ -77.040843758247206, 38.823416490399197 ], [ -77.040854508061798, 38.823405739605398 ], [ -77.040872195718705, 38.823401740361497 ], [ -77.040889139140404, 38.823395371352703 ], [ -77.040889820411905, 38.8233951149425 ], [ -77.040907508448996, 38.823388489407598 ], [ -77.040932258414898, 38.823383302213401 ], [ -77.040949882785995, 38.823378052543198 ], [ -77.040964070845007, 38.823371364561503 ], [ -77.040974945564102, 38.823353614871799 ], [ -77.040848765223203, 38.823371862475803 ], [ -77.040731364877104, 38.823388839765101 ], [ -77.039383569947702, 38.8235837403559 ], [ -77.039272445343997, 38.8235219271929 ], [ -77.040084819989701, 38.823102239705698 ], [ -77.040050998439796, 38.8230316649624 ], [ -77.040045730574406, 38.823020670807402 ], [ -77.040004070224398, 38.822933739841098 ], [ -77.039859252877406, 38.822824168995297 ], [ -77.039675632931704, 38.822685239384903 ], [ -77.040052840026803, 38.822375394357302 ], [ -77.040100508210301, 38.822336239873501 ], [ -77.040063159973002, 38.822308063552398 ], [ -77.039941445473303, 38.822216239870897 ], [ -77.040082320214196, 38.822021677572401 ], [ -77.040137837784897, 38.821943507455003 ], [ -77.040150945028302, 38.821925051330297 ], [ -77.040133383217906, 38.8219248022111 ], [ -77.0401053824625, 38.821920301333797 ], [ -77.040070570414201, 38.821906177267202 ], [ -77.040046133204498, 38.821900364770599 ], [ -77.040035632875998, 38.821897489809501 ], [ -77.040007632646805, 38.821895739539201 ], [ -77.039986632722105, 38.821891426645898 ], [ -77.039962195193198, 38.821886989890103 ], [ -77.039944569953093, 38.821886802119302 ], [ -77.039920257906502, 38.821878176561597 ], [ -77.039895883219103, 38.821865551768802 ], [ -77.039885507395795, 38.821857177095403 ], [ -77.039868008332405, 38.821854239358103 ], [ -77.039846944362395, 38.821853926796003 ], [ -77.0398188826656, 38.821853614544999 ], [ -77.039812901617907, 38.821850569660199 ], [ -77.039805007795806, 38.821846552264297 ], [ -77.039791131664899, 38.821839552132303 ], [ -77.039766695151698, 38.821830988961302 ], [ -77.039745757661294, 38.821826552469297 ], [ -77.039721194734497, 38.821826301754001 ], [ -77.039700382297795, 38.821813677103698 ], [ -77.039683069889904, 38.821801051860298 ], [ -77.039676382885503, 38.821787302011799 ], [ -77.039666007754207, 38.821776176702798 ], [ -77.039652320463901, 38.821759552169901 ], [ -77.039635070797104, 38.821744239241703 ], [ -77.0396144451081, 38.821726114750199 ], [ -77.039604966428001, 38.821721311801802 ], [ -77.039586569939104, 38.821711989477102 ], [ -77.0395551331398, 38.821704802292302 ], [ -77.039544757077095, 38.821697801545298 ], [ -77.039527445423801, 38.821686614216098 ] ] ] } },
{ "type": "Feature", "properties": { "OBJECTID": 31, "ZIPCODE": 22304, "GlobalID": "a04cb3a4-4e9c-40db-a362-9ca3333842b8", "Shape__Area": 130660031.78125, "Shape__Length": 56048.914488770999 }, "geometry": { "type": "Polygon", "coordinates": [ [ [ -77.143691164054204, 38.812884796568902 ], [ -77.143686651569098, 38.812973314407202 ], [ -77.143681646630696, 38.812975528731101 ], [ -77.143684235983599, 38.813020675235698 ], [ -77.143686651569098, 38.812973314407202 ], [ -77.143689431576803, 38.812972084321402 ], [ -77.143685675001507, 38.813045757933899 ], [ -77.143695645274505, 38.813219528333903 ], [ -77.143684645349396, 38.813415528558103 ], [ -77.143662722111003, 38.813424012480098 ], [ -77.143659892828893, 38.813425106854197 ], [ -77.142671644711598, 38.813807528833401 ], [ -77.142555646090102, 38.813852529608397 ], [ -77.140433643461904, 38.814724529262499 ], [ -77.139348643184405, 38.815178530225303 ], [ -77.138968643152197, 38.815337529873702 ], [ -77.138133643654399, 38.815687530493598 ], [ -77.137931643001593, 38.815748530223999 ], [ -77.137065641093898, 38.816083530292701 ], [ -77.136896642460897, 38.816151530839001 ], [ -77.135237641202295, 38.816818530564298 ], [ -77.134104640217302, 38.817287530508601 ], [ -77.133350639574203, 38.817637532188598 ], [ -77.132648639628897, 38.817991531627499 ], [ -77.132432639898099, 38.818112532039997 ], [ -77.132244640174093, 38.818216531482499 ], [ -77.131925639155597, 38.818392532106799 ], [ -77.131335639713299, 38.818747531370398 ], [ -77.130763637631006, 38.819115532034203 ], [ -77.130254637685397, 38.819468532214501 ], [ -77.1297356371619, 38.819855532204201 ], [ -77.129303637699806, 38.820191532917697 ], [ -77.128545637353298, 38.820767532319998 ], [ -77.128419636734606, 38.820867532981197 ], [ -77.128238637662506, 38.821010532328501 ], [ -77.128341637391202, 38.821124532832499 ], [ -77.127561636878994, 38.821714532543702 ], [ -77.126571636959099, 38.822474533639898 ], [ -77.125976636481496, 38.822941533393298 ], [ -77.125278636108305, 38.823470534724997 ], [ -77.124380635742796, 38.824133534732198 ], [ -77.123081634868598, 38.825044534787303 ], [ -77.121141633568399, 38.826292536194202 ], [ -77.120913632902798, 38.826432535966397 ], [ -77.120679633674698, 38.826577536212298 ], [ -77.119934631620694, 38.827003536158699 ], [ -77.119412632651802, 38.827302536268398 ], [ -77.117089630378103, 38.828528537278601 ], [ -77.115109629988197, 38.829433536981902 ], [ -77.114185630054706, 38.829841537225498 ], [ -77.114061629496305, 38.829891538458 ], [ -77.113664629417002, 38.830051538468403 ], [ -77.113585629938299, 38.830081538260501 ], [ -77.113482628974296, 38.830120537771499 ], [ -77.113201629168799, 38.830227538249602 ], [ -77.113070629345501, 38.830279537820203 ], [ -77.1118606273442, 38.830755538620998 ], [ -77.111642627183201, 38.830832538522998 ], [ -77.111387629035704, 38.830925538001097 ], [ -77.110287627498593, 38.831301538225098 ], [ -77.110240626741302, 38.831316538271302 ], [ -77.109695626766793, 38.831494539033102 ], [ -77.108868626441406, 38.831761539085697 ], [ -77.108401626275693, 38.831911539009702 ], [ -77.108204626088295, 38.831970538356799 ], [ -77.107801626623399, 38.832089539280297 ], [ -77.107657626143407, 38.832133538624902 ], [ -77.107592625764298, 38.831991539778102 ], [ -77.107504625663296, 38.831800538563598 ], [ -77.107342626226497, 38.831424538361397 ], [ -77.107196625956504, 38.831172538397702 ], [ -77.107086626231705, 38.831067538550499 ], [ -77.106986623997301, 38.830958539039599 ], [ -77.106872625177104, 38.8308825388985 ], [ -77.106597623896704, 38.830707538545497 ], [ -77.106275625261006, 38.830541538434197 ], [ -77.105269623607398, 38.830077538218397 ], [ -77.104593624528306, 38.829743538211702 ], [ -77.104150623473799, 38.829562538562101 ], [ -77.103779622456599, 38.829420538106298 ], [ -77.103326623124801, 38.8292395379586 ], [ -77.102798622315703, 38.8290435387825 ], [ -77.102393622654702, 38.828877538689802 ], [ -77.101820622280002, 38.828665538866197 ], [ -77.101483622487905, 38.828538538652197 ], [ -77.101028622322801, 38.828394537243597 ], [ -77.100778622010395, 38.828315537522798 ], [ -77.100250620213103, 38.828191538473497 ], [ -77.099727620450693, 38.828100537143101 ], [ -77.099734621158703, 38.830123538749604 ], [ -77.099471621396603, 38.8304715390531 ], [ -77.099666620643703, 38.830690539180303 ], [ -77.099774621578305, 38.8310335388772 ], [ -77.099896621743994, 38.831672540250203 ], [ -77.099752621741104, 38.8316885402485 ], [ -77.099891621028803, 38.832316540165898 ], [ -77.099666619822699, 38.8322695399373 ], [ -77.099536619996897, 38.832248539087502 ], [ -77.099452620617896, 38.832242539140999 ], [ -77.099368621674103, 38.832242540343699 ], [ -77.099298621323896, 38.8322435392339 ], [ -77.0992426197801, 38.832249539644899 ], [ -77.099157619807997, 38.832264539418397 ], [ -77.099083620150907, 38.832281539003503 ], [ -77.099002620145399, 38.832308540170601 ], [ -77.098924619665695, 38.832337540253803 ], [ -77.098864620331099, 38.8323665398717 ], [ -77.0987826203758, 38.832411540673 ], [ -77.098625619714099, 38.832532539859997 ], [ -77.098475619941098, 38.832660539911799 ], [ -77.098411619430294, 38.832722540038702 ], [ -77.097771619247894, 38.829025538781103 ], [ -77.097612619049201, 38.828104537247903 ], [ -77.097144618590406, 38.827909538320398 ], [ -77.097098617274895, 38.827715538708503 ], [ -77.097004617534694, 38.827701537698097 ], [ -77.096377618563494, 38.827619537934503 ], [ -77.095425618447294, 38.827513538902998 ], [ -77.093980616731002, 38.827390537529503 ], [ -77.093330616627995, 38.8273345382012 ], [ -77.092752615833902, 38.827292539008802 ], [ -77.092008615347098, 38.827237538520599 ], [ -77.091137613512004, 38.8271755390005 ], [ -77.090460615034104, 38.827144537878901 ], [ -77.089921614183694, 38.8270975387899 ], [ -77.089328612972196, 38.827053538741403 ], [ -77.088791612549599, 38.827027538894399 ], [ -77.088339613976103, 38.827006538625 ], [ -77.088406613164906, 38.826910538468198 ], [ -77.088435614225602, 38.826828538749403 ], [ -77.088467612507998, 38.826667538398503 ], [ -77.088489613008704, 38.826525538627202 ], [ -77.088512614178001, 38.826370537571997 ], [ -77.088686613184905, 38.825010537975103 ], [ -77.088841612658896, 38.825001537457098 ], [ -77.090002614119896, 38.824881537357903 ], [ -77.091156613780001, 38.824755536933402 ], [ -77.0917576152859, 38.824692537171103 ], [ -77.091912614874602, 38.824679536901002 ], [ -77.092074615886901, 38.824662537327796 ], [ -77.0932596161406, 38.824527537292198 ], [ -77.093232616248599, 38.824311537230798 ], [ -77.093205615751998, 38.824062537178897 ], [ -77.093166615796804, 38.823897537393698 ], [ -77.093156616314999, 38.823730537398902 ], [ -77.093136615581599, 38.823274537119403 ], [ -77.093132615537201, 38.8229235369636 ], [ -77.093131615698795, 38.822846536149299 ], [ -77.093128615615896, 38.822476536110798 ], [ -77.092956615015197, 38.822491536901701 ], [ -77.092818616004095, 38.822503536898999 ], [ -77.092615615366, 38.822500536557797 ], [ -77.092162615007396, 38.822473535619203 ], [ -77.091950615644805, 38.822569536028702 ], [ -77.091752614406701, 38.8226365367086 ], [ -77.091635615568293, 38.822666536049098 ], [ -77.091604615079703, 38.822670536286303 ], [ -77.091554614950695, 38.822674537311698 ], [ -77.091298613873306, 38.822666537041101 ], [ -77.090881614021498, 38.822636536128002 ], [ -77.090660614936297, 38.822618536192898 ], [ -77.090114614261694, 38.822576535721801 ], [ -77.089763613476805, 38.822546536351197 ], [ -77.089329613448797, 38.822516536419897 ], [ -77.088978612724702, 38.822477536905602 ], [ -77.089016612224199, 38.822143536821301 ], [ -77.089033613237305, 38.822015536939602 ], [ -77.089054612591397, 38.821858535791399 ], [ -77.089154612504998, 38.821013536825298 ], [ -77.089237612964993, 38.820216535910298 ], [ -77.089257612556693, 38.820046535449301 ], [ -77.089359612554702, 38.819184534791198 ], [ -77.089406612303605, 38.818757534707899 ], [ -77.089444612104302, 38.8184465355219 ], [ -77.089555612436399, 38.817431535003401 ], [ -77.0895946119727, 38.817208534592197 ], [ -77.089628612514502, 38.8169415346837 ], [ -77.089643612299497, 38.816677533571799 ], [ -77.089637613776304, 38.816467534427503 ], [ -77.089613612025005, 38.816244533469401 ], [ -77.089590612092294, 38.815987533621701 ], [ -77.089427612012898, 38.814820533945799 ], [ -77.089407612355004, 38.814681533437998 ], [ -77.089240612511304, 38.813454532946103 ], [ -77.089072611647197, 38.8121815324576 ], [ -77.088923612174995, 38.8110205319839 ], [ -77.088916611801906, 38.810976531761 ], [ -77.088748611042504, 38.809561530771603 ], [ -77.088745611445404, 38.809529531586598 ], [ -77.088743611253307, 38.809514531888603 ], [ -77.089040611726006, 38.809533532008899 ], [ -77.089225611638994, 38.809548531343601 ], [ -77.089487612333699, 38.809610531776698 ], [ -77.089683611455797, 38.809646531389603 ], [ -77.089830612086899, 38.809648531714899 ], [ -77.090041612511897, 38.809633531520703 ], [ -77.090200612093696, 38.809606530667402 ], [ -77.090114611658194, 38.8094815306413 ], [ -77.0900926116162, 38.8093705310716 ], [ -77.090094612511905, 38.809293531772603 ], [ -77.090113612424204, 38.809223531740102 ], [ -77.090163612497406, 38.8091555304512 ], [ -77.090212612006994, 38.809083531303102 ], [ -77.090280611843895, 38.808861531079799 ], [ -77.0892346114166, 38.808640530449097 ], [ -77.088906611409897, 38.808568530557501 ], [ -77.088845611690203, 38.808556530441301 ], [ -77.088673610940901, 38.808528530231001 ], [ -77.088171611700204, 38.808440530581201 ], [ -77.087894611111494, 38.808369530758299 ], [ -77.087285610168905, 38.808266531329302 ], [ -77.087293609495902, 38.808192530549299 ], [ -77.0873696104629, 38.807728530327701 ], [ -77.087462609569997, 38.807136530799298 ], [ -77.087619610661605, 38.805907530072702 ], [ -77.0876376094227, 38.805757529838097 ], [ -77.087647609622493, 38.805679530328902 ], [ -77.087649609504496, 38.805642529708997 ], [ -77.087655609260594, 38.805594529747097 ], [ -77.0876666106318, 38.805522530025897 ], [ -77.087677609944507, 38.805434530238699 ], [ -77.087682609606603, 38.805393530357499 ], [ -77.087762609147703, 38.805397529628699 ], [ -77.090969612287196, 38.8055845298462 ], [ -77.090971611694201, 38.805545529067402 ], [ -77.091004611937393, 38.804991530064797 ], [ -77.091007612300203, 38.804942529907898 ], [ -77.091033612533096, 38.804693528534102 ], [ -77.091164611766004, 38.803410529355197 ], [ -77.091189612199102, 38.803143528324 ], [ -77.091219611522405, 38.802588528030299 ], [ -77.091224428159094, 38.802481603003201 ], [ -77.091224611696703, 38.802477528390803 ], [ -77.0912247883616, 38.802474156439999 ], [ -77.091824523068894, 38.802545608592098 ], [ -77.091845522976101, 38.802548608577801 ], [ -77.091870022998506, 38.802551671295099 ], [ -77.092447710768496, 38.802621733016402 ], [ -77.092577273719598, 38.802637045965099 ], [ -77.093070898549598, 38.802697858618998 ], [ -77.093711523224698, 38.802779734390803 ], [ -77.094352210839403, 38.802860171279903 ], [ -77.094971836435505, 38.8029334835283 ], [ -77.095700148183695, 38.8030191086374 ], [ -77.097048398926205, 38.803168421011399 ], [ -77.098358150097994, 38.803310421405499 ], [ -77.099223399930807, 38.803389359213298 ], [ -77.099735150742703, 38.803425733486897 ], [ -77.100225900219201, 38.803454921206303 ], [ -77.100716775920802, 38.803477234107604 ], [ -77.101207775422097, 38.803492671261203 ], [ -77.102046338875198, 38.803502671491202 ], [ -77.102471026220101, 38.803499545451601 ], [ -77.102895838944406, 38.8034908577919 ], [ -77.103317214294094, 38.803477983292503 ], [ -77.103686088492694, 38.803460420906802 ], [ -77.104054964373304, 38.803438732826002 ], [ -77.104420526289701, 38.8034101713463 ], [ -77.1047578399548, 38.803389420974 ], [ -77.1048456519772, 38.803383546014402 ], [ -77.104905402067303, 38.803380232935098 ], [ -77.105379902467106, 38.8033419209697 ], [ -77.105858089850102, 38.803298170418799 ], [ -77.1065369024722, 38.803222545195197 ], [ -77.107057527557004, 38.803155858302397 ], [ -77.107578340065999, 38.803082420506001 ], [ -77.108095715453203, 38.803002045548503 ], [ -77.108609841361599, 38.802913420313402 ], [ -77.109141777757699, 38.802812607815802 ], [ -77.109603341616605, 38.802717858358001 ], [ -77.110061527939806, 38.8026161702983 ], [ -77.110297715584807, 38.802561358068999 ], [ -77.110519841175105, 38.802508983461401 ], [ -77.1109747166701, 38.802394982595501 ], [ -77.111426216509201, 38.802275357731297 ], [ -77.112202636233903, 38.802068399209602 ], [ -77.1123680923058, 38.8020242953489 ], [ -77.1125630914065, 38.8024673577059 ], [ -77.112623217034098, 38.802440545652601 ], [ -77.112818466933405, 38.802692795442603 ], [ -77.113044467226999, 38.802982420386797 ], [ -77.113575342378894, 38.802752544782699 ], [ -77.113614747613198, 38.802735996029199 ], [ -77.1141095920119, 38.802528170033703 ], [ -77.114194466929206, 38.802494858197598 ], [ -77.114235438727604, 38.802478735874601 ], [ -77.114543452277204, 38.802357534655997 ], [ -77.114942317790707, 38.802206498234902 ], [ -77.115134842031793, 38.802135232888602 ], [ -77.115152530464101, 38.802128545827003 ], [ -77.115604842761101, 38.801967795192503 ], [ -77.116003968521497, 38.8018324203926 ], [ -77.116056967668101, 38.8018151698964 ], [ -77.116057158161098, 38.801805043660003 ], [ -77.116057405304304, 38.801791857563501 ], [ -77.116424780734505, 38.801668483128999 ], [ -77.116597843355706, 38.801611482161597 ], [ -77.116770842346199, 38.801555857744098 ], [ -77.117049842907704, 38.801464420373399 ], [ -77.117131093167103, 38.801437857770701 ], [ -77.1171522812772, 38.801431294553197 ], [ -77.117169842707099, 38.801425982345499 ], [ -77.117960281146793, 38.801203294510699 ], [ -77.118062531147302, 38.801177045339301 ], [ -77.118298843461602, 38.801118045379702 ], [ -77.118753655951096, 38.801006669825298 ], [ -77.1193460939527, 38.800859857201203 ], [ -77.120325469006602, 38.800662669345201 ], [ -77.120473344317205, 38.800631482314699 ], [ -77.1208222188543, 38.800561419217999 ], [ -77.121089781528497, 38.800515170043802 ], [ -77.121593281629202, 38.800427669734802 ], [ -77.126153782869807, 38.799775481142397 ], [ -77.126709657891496, 38.799700918982801 ], [ -77.127856596539999, 38.799545481832901 ], [ -77.128011471347307, 38.799525294842603 ], [ -77.129144409295705, 38.799372419395397 ], [ -77.129489159364596, 38.799325607141803 ], [ -77.129802284352095, 38.799282606690397 ], [ -77.130168096693893, 38.79923610694 ], [ -77.130382721746102, 38.799209794365602 ], [ -77.130439035322794, 38.799202169425499 ], [ -77.130908113594401, 38.799138182794003 ], [ -77.131227097605006, 38.799094669430502 ], [ -77.131899099301506, 38.798999979860497 ], [ -77.132018847633105, 38.798983106054102 ], [ -77.132127847698101, 38.798969231283003 ], [ -77.132177159738404, 38.798961606756201 ], [ -77.133218598257201, 38.798814481415398 ], [ -77.134144035826395, 38.798686543286799 ], [ -77.134291723405894, 38.798669043783697 ], [ -77.134650473400498, 38.798627918455097 ], [ -77.1351185360529, 38.798555106388001 ], [ -77.135213535723693, 38.7985438560994 ], [ -77.135227599264695, 38.798541293451997 ], [ -77.135301473314698, 38.798532481231199 ], [ -77.1356427230604, 38.798485730983998 ], [ -77.135825723697394, 38.7984603560568 ], [ -77.1359805369448, 38.798438793842998 ], [ -77.135994598509896, 38.7984376059281 ], [ -77.136269036818405, 38.798399606300698 ], [ -77.136905849205903, 38.798310855997798 ], [ -77.137296412379996, 38.798256418595201 ], [ -77.137569055609106, 38.7982191428748 ], [ -77.1375696141872, 38.798227145275099 ], [ -77.137569640409495, 38.798227523076797 ], [ -77.137572640158794, 38.798266523013503 ], [ -77.137580640697905, 38.798384522985998 ], [ -77.137581640697604, 38.798406523134297 ], [ -77.137582640385602, 38.798418523658398 ], [ -77.137584639973994, 38.798448523219797 ], [ -77.137586640033803, 38.798475523531103 ], [ -77.137605639867303, 38.7987505233774 ], [ -77.137630139852902, 38.799102791994201 ], [ -77.137647225068505, 38.799374044136201 ], [ -77.1376881617485, 38.799989606390199 ], [ -77.137718349531397, 38.800434793478203 ], [ -77.137743224658806, 38.8007879816425 ], [ -77.137742973868697, 38.8008003559451 ], [ -77.137788786438506, 38.800788481893797 ], [ -77.139774475214494, 38.8002636690766 ], [ -77.139896038064606, 38.800516356338299 ], [ -77.140007350380301, 38.8007552311186 ], [ -77.140027475333994, 38.800803481304598 ], [ -77.140239975175206, 38.801256294694198 ], [ -77.140293975870705, 38.801369543481997 ], [ -77.1404051625656, 38.801613856268602 ], [ -77.140439038046395, 38.801681544192597 ], [ -77.140533350835, 38.801885856541503 ], [ -77.140921225985295, 38.802715544041803 ], [ -77.141025850724205, 38.802936419454703 ], [ -77.141079476288795, 38.803050579725401 ], [ -77.141093288092193, 38.803079981735202 ], [ -77.141113600180901, 38.803122794847702 ], [ -77.141575912710493, 38.804097544741403 ], [ -77.141673725324793, 38.804308731990297 ], [ -77.141805351669007, 38.804586232838098 ], [ -77.141889663501701, 38.804765732258304 ], [ -77.142321725261795, 38.805672795326103 ], [ -77.142361600894205, 38.805791357254698 ], [ -77.142393288148497, 38.805786232684198 ], [ -77.142618538770606, 38.805749045229803 ], [ -77.142689402740601, 38.805737540183699 ], [ -77.142879164336193, 38.805706732960203 ], [ -77.143213711800698, 38.8056527194789 ], [ -77.143215536011894, 38.805660563486498 ], [ -77.143340644959594, 38.806198526067902 ], [ -77.143432644008598, 38.8065635258966 ], [ -77.143489645849897, 38.806789526743799 ], [ -77.1436106460839, 38.807310526099002 ], [ -77.143728644810494, 38.8078045261638 ], [ -77.144000176815197, 38.808960069791901 ], [ -77.144037646426099, 38.809119526812701 ], [ -77.144042606634102, 38.809138269734298 ], [ -77.144046644683499, 38.809153527053901 ], [ -77.144204646570103, 38.809702528269199 ], [ -77.1443636465076, 38.810372527634598 ], [ -77.144100306319999, 38.810406031364998 ], [ -77.143970646289006, 38.810422527399403 ], [ -77.143931645164699, 38.810427527335001 ], [ -77.143876644920795, 38.810435528069 ], [ -77.1438506457812, 38.810439527757197 ], [ -77.143850450243207, 38.810442809439699 ], [ -77.143844645139595, 38.810540527248598 ], [ -77.143832646145796, 38.810576528137297 ], [ -77.143807224048402, 38.810656074174602 ], [ -77.143801644796, 38.810673527646202 ], [ -77.143775646411598, 38.810788528186997 ], [ -77.143763646441002, 38.810999528497099 ], [ -77.143754645555504, 38.811151528185498 ], [ -77.143753696607803, 38.811167632407603 ], [ -77.1437186448387, 38.8117625279611 ], [ -77.143713645695101, 38.811843528123603 ], [ -77.143747779231603, 38.811830222039703 ], [ -77.143740727368694, 38.811932421114697 ], [ -77.143740227114407, 38.8119585463173 ], [ -77.143723664047897, 38.8122782341757 ], [ -77.143701977031398, 38.8126844218787 ], [ -77.143691164054204, 38.812884796568902 ] ] ] } },
{ "type": "Feature", "properties": { "OBJECTID": 32, "ZIPCODE": 22305, "GlobalID": "96546003-0f65-4fc9-8a22-be5e68023966", "Shape__Area": 5666.328125, "Shape__Length": 4408.4769434169302 }, "geometry": { "type": "MultiPolygon", "coordinates": [ [ [ [ -77.070372366602399, 38.843973665540801 ], [ -77.070876509179399, 38.843958516176997 ], [ -77.071017006925899, 38.843954703875198 ], [ -77.071354320714903, 38.843945141581102 ], [ -77.071449196172594, 38.843942141116003 ], [ -77.071800571223406, 38.843931328776698 ], [ -77.071818134945005, 38.843931579418701 ], [ -77.071854818797902, 38.843930343683702 ], [ -77.071768605175805, 38.843940546639097 ], [ -77.0717476050405, 38.843942547089 ], [ -77.071673604600704, 38.843949547055097 ], [ -77.071653604463506, 38.843951546142499 ], [ -77.071610604542599, 38.8439545455917 ], [ -77.071589605532594, 38.843956546928098 ], [ -77.071526604274894, 38.843961547207201 ], [ -77.071505605296295, 38.843963546726997 ], [ -77.071463605329896, 38.843966546579601 ], [ -77.071442605494298, 38.843967546926301 ], [ -77.071378604565595, 38.843971546619599 ], [ -77.071357604727297, 38.8439725469511 ], [ -77.071315605067099, 38.8439745467021 ], [ -77.071294605227095, 38.843975547022403 ], [ -77.0712736054044, 38.8439765464381 ], [ -77.071252604411498, 38.843977546736802 ], [ -77.071240604370502, 38.843978546677299 ], [ -77.071219604865306, 38.843978546034897 ], [ -77.071156604184296, 38.843981546918698 ], [ -77.071135603508395, 38.843981547147898 ], [ -77.071089605080601, 38.843983546792202 ], [ -77.071072604311993, 38.843983547051401 ], [ -77.071009603960206, 38.843985546907099 ], [ -77.070997604236595, 38.843985546774199 ], [ -77.070944604296599, 38.8439855466086 ], [ -77.070923604466103, 38.843986545961798 ], [ -77.070902603770904, 38.843986547050001 ], [ -77.070881604245301, 38.843986547247702 ], [ -77.070844603936294, 38.843986547229903 ], [ -77.070828603152805, 38.843986547015803 ], [ -77.070785604133604, 38.843986546917797 ], [ -77.070764604951293, 38.843985546145298 ], [ -77.070722604748994, 38.843985546473697 ], [ -77.070701605223704, 38.843985546639203 ], [ -77.070680604873104, 38.843984546738398 ], [ -77.070659603044604, 38.843984546868398 ], [ -77.070637605030498, 38.843983546523503 ], [ -77.070563603902002, 38.843981547111802 ], [ -77.070542604377906, 38.843981547248902 ], [ -77.070500604853805, 38.843979546499902 ], [ -77.070479604507796, 38.8439785465631 ], [ -77.070457604176596, 38.8439775470572 ], [ -77.070443603348807, 38.843977546822103 ], [ -77.0704266040634, 38.843976546953201 ], [ -77.070405604870999, 38.843975547017202 ], [ -77.070372366602399, 38.843973665540801 ] ] ], [ [ [ -77.078579014957199, 38.843678406098 ], [ -77.078576608806202, 38.843679546389701 ], [ -77.078574643426293, 38.843680419031898 ], [ -77.078575638886093, 38.843679890518402 ], [ -77.078579014957199, 38.843678406098 ] ] ], [ [ [ -77.078055761011399, 38.843819000375902 ], [ -77.078048869341004, 38.843819647557503 ], [ -77.078053137333697, 38.843819140673297 ], [ -77.078055761011399, 38.843819000375902 ] ] ], [ [ [ -77.078181631616104, 38.8438004123729 ], [ -77.078176609292896, 38.843801546193198 ], [ -77.078166997062795, 38.843803095610497 ], [ -77.078181631616104, 38.8438004123729 ] ] ], [ [ [ -77.077992137886298, 38.843824951588701 ], [ -77.077985608993799, 38.843825546401902 ], [ -77.077964609326102, 38.843826546113903 ], [ -77.077943608488098, 38.843827546708901 ], [ -77.077927655607695, 38.843828271503099 ], [ -77.077944138057404, 38.843827390954203 ], [ -77.077965201285096, 38.843826264982297 ], [ -77.077986325458596, 38.843825202811303 ], [ -77.077992137886298, 38.843824951588701 ] ] ], [ [ [ -77.078902559864503, 38.843482984620799 ], [ -77.078890609455996, 38.8434925449397 ], [ -77.078879127439194, 38.843500965824603 ], [ -77.078888326174607, 38.843492891189001 ], [ -77.078902559864503, 38.843482984620799 ] ] ], [ [ [ -77.078675923435995, 38.843631335670601 ], [ -77.078669608691996, 38.843635545912697 ], [ -77.078650609631197, 38.843644545155797 ], [ -77.078632609359502, 38.843653545679103 ], [ -77.078614609083303, 38.843662546199603 ], [ -77.078604229072994, 38.843666916229999 ], [ -77.078642950473807, 38.843647765192898 ], [ -77.078667763393298, 38.843635765021901 ], [ -77.078675923435995, 38.843631335670601 ] ] ], [ [ [ -77.075552031858507, 38.843552544515497 ], [ -77.075269077149699, 38.843561074968299 ], [ -77.075361572912101, 38.843557203682302 ], [ -77.075552031858507, 38.843552544515497 ] ] ], [ [ [ -77.077690698449899, 38.843817932531302 ], [ -77.077709075028196, 38.843819078673597 ], [ -77.077733575915005, 38.8438221414577 ], [ -77.077758138739398, 38.843823764372402 ], [ -77.077782638049001, 38.843825453182497 ], [ -77.0778107006319, 38.843827141915298 ], [ -77.077835326314997, 38.843827452895297 ], [ -77.077877451163104, 38.843828015526299 ], [ -77.077898512581598, 38.843828202224501 ], [ -77.077922445981997, 38.843828508402801 ], [ -77.077921608871193, 38.843828545110199 ], [ -77.077900609392003, 38.8438285465636 ], [ -77.077885608627398, 38.843828546813398 ], [ -77.077868609082898, 38.8438285462693 ], [ -77.077847608469696, 38.843828546798598 ], [ -77.077826609026104, 38.843828546437202 ], [ -77.077814608422003, 38.843827546037801 ], [ -77.077793609188205, 38.8438265465226 ], [ -77.077772608821107, 38.843825546089001 ], [ -77.077740608951999, 38.8438235465633 ], [ -77.077719608814903, 38.843821546071602 ], [ -77.077690698449899, 38.843817932531302 ] ] ], [ [ [ -77.078875303590607, 38.843503771026299 ], [ -77.078852609280901, 38.843520546684601 ], [ -77.078837609517393, 38.843532545881303 ], [ -77.078821608830395, 38.843543545519204 ], [ -77.078797609607307, 38.843559545869098 ], [ -77.078780608928099, 38.843570546007101 ], [ -77.078764609589598, 38.8435805456023 ], [ -77.078747609096695, 38.8435905465874 ], [ -77.078738609246599, 38.843596546036203 ], [ -77.078712609106603, 38.843611546415602 ], [ -77.0786956088496, 38.843620545542898 ], [ -77.078694430146697, 38.843621135805897 ], [ -77.078713949749798, 38.843608828274299 ], [ -77.078735325876295, 38.843595326940303 ], [ -77.078760138375202, 38.843581891536203 ], [ -77.078781451041493, 38.843568452491802 ], [ -77.078802825506997, 38.843553578983098 ], [ -77.078824201072507, 38.843538765847299 ], [ -77.078845575556002, 38.843523890529298 ], [ -77.078866951085999, 38.843509078286402 ], [ -77.078875303590607, 38.843503771026299 ] ] ], [ [ [ -77.051075679153698, 38.841301925901099 ], [ -77.050915591733101, 38.841413547022398 ], [ -77.0508915920514, 38.841430547199202 ], [ -77.050875592068195, 38.841441547593497 ], [ -77.050858591598299, 38.841451547289097 ], [ -77.050841591123699, 38.841461546982302 ], [ -77.050824591229201, 38.841470547524501 ], [ -77.050807591915202, 38.841480546326203 ], [ -77.050803306955899, 38.841482689040802 ], [ -77.050805932409901, 38.841481204253498 ], [ -77.050820120893206, 38.841473142030701 ], [ -77.051075679153698, 38.841301925901099 ] ] ], [ [ [ -77.051771042567395, 38.840816306808101 ], [ -77.051442697292799, 38.841046270076397 ], [ -77.051461059731395, 38.841032078759604 ], [ -77.051518057771403, 38.8409902671523 ], [ -77.051575121549504, 38.840948391460401 ], [ -77.051632120657501, 38.840907890696698 ], [ -77.051689057365905, 38.840868766691202 ], [ -77.051749558221502, 38.840829703753698 ], [ -77.051771042567395, 38.840816306808101 ] ] ], [ [ [ -77.076465437188205, 38.843571114246799 ], [ -77.076519948801703, 38.843575327770097 ], [ -77.076565512320101, 38.843580016570201 ], [ -77.076611074665607, 38.843584764800802 ], [ -77.076656637550201, 38.8435907644362 ], [ -77.076702136961401, 38.8435968281524 ], [ -77.076747637648197, 38.843602827899097 ], [ -77.076793137467206, 38.843610266430602 ], [ -77.076835137907906, 38.843619015738902 ], [ -77.076880635952904, 38.843627765093103 ], [ -77.076926011690006, 38.8436366408813 ], [ -77.076968011486798, 38.843646702814198 ], [ -77.077062386808393, 38.843669828239697 ], [ -77.077160199427794, 38.843695766568601 ], [ -77.077174199670495, 38.843698640919101 ], [ -77.0772562401595, 38.843721885150202 ], [ -77.077191608409706, 38.843705545978899 ], [ -77.077023608052201, 38.843663546122798 ], [ -77.076869608101504, 38.843628546751901 ], [ -77.076712606958594, 38.843599546232497 ], [ -77.076607607904194, 38.843584546175599 ], [ -77.076502607666697, 38.843574546268201 ], [ -77.076490607123404, 38.8435735457333 ], [ -77.076468608248106, 38.843571546418403 ], [ -77.076465437188205, 38.843571114246799 ] ] ], [ [ [ -77.075727020863397, 38.8435494694928 ], [ -77.075783135958105, 38.8435485782257 ], [ -77.075916511833299, 38.843548827928103 ], [ -77.076053448251301, 38.843551828020097 ], [ -77.076186761893396, 38.843556203000098 ], [ -77.076312524321295, 38.843561545754298 ], [ -77.076281607020306, 38.8435615464495 ], [ -77.075727020863397, 38.8435494694928 ] ] ], [ [ [ -77.079304645276594, 38.842945327726802 ], [ -77.0792256091799, 38.843097545612501 ], [ -77.079216609451706, 38.843114545663802 ], [ -77.079206609763105, 38.843131545322599 ], [ -77.079192609679197, 38.843156546520703 ], [ -77.079183608801898, 38.843173545654402 ], [ -77.0791676087876, 38.8431985460657 ], [ -77.079152609362893, 38.843220545819399 ], [ -77.079131609819697, 38.843249546275899 ], [ -77.079115609454604, 38.8432705464704 ], [ -77.079103609261495, 38.843284546075601 ], [ -77.079080608820206, 38.843312545674799 ], [ -77.079049609678904, 38.843346545149103 ], [ -77.079038609839799, 38.843358545042797 ], [ -77.079017609571693, 38.843379545960502 ], [ -77.079004609574199, 38.843392546014002 ], [ -77.078991609589906, 38.843405545165297 ], [ -77.078977609605005, 38.843418545722997 ], [ -77.078956609741695, 38.843437545631303 ], [ -77.078935608697606, 38.843456546422601 ], [ -77.078920608961397, 38.843468545630003 ], [ -77.078916301225604, 38.843471992755703 ], [ -77.078927576021997, 38.843461701695098 ], [ -77.078952576604905, 38.843438702271399 ], [ -77.078970512488993, 38.843421077054302 ], [ -77.078991951253798, 38.843402077952298 ], [ -77.079009888987798, 38.843383077906303 ], [ -77.079027826694301, 38.843364078758199 ], [ -77.079042200462595, 38.843346452752201 ], [ -77.0790602000246, 38.843326015535503 ], [ -77.079078138454904, 38.843305639741402 ], [ -77.079096076857098, 38.8432852648452 ], [ -77.079110513502698, 38.843266264746603 ], [ -77.079124950933604, 38.843245827645099 ], [ -77.079139451301202, 38.8432240146564 ], [ -77.079153825272499, 38.843203639849499 ], [ -77.079230200487899, 38.843071327765699 ], [ -77.079299513000095, 38.842944453854201 ], [ -77.079304645276594, 38.842945327726802 ] ] ], [ [ [ -77.06873617494, 38.8438491223339 ], [ -77.068778819969495, 38.843850579304998 ], [ -77.069136631208593, 38.843870016273101 ], [ -77.069529194285295, 38.8439078288649 ], [ -77.069900757252796, 38.843937016275497 ], [ -77.070125564653196, 38.843955329710298 ], [ -77.069574603474706, 38.843913546482497 ], [ -77.069086603158894, 38.843874547228403 ], [ -77.06873617494, 38.8438491223339 ] ] ], [ [ [ -77.067370705806894, 38.843839822583398 ], [ -77.067352601559193, 38.843841546765603 ], [ -77.067299602125303, 38.843846547027098 ], [ -77.067257602419005, 38.843851547287699 ], [ -77.067236602183996, 38.843853546930703 ], [ -77.067215601573096, 38.843856546618497 ], [ -77.067194602094204, 38.843859547217399 ], [ -77.067141602278198, 38.843865546555399 ], [ -77.067100602139902, 38.843871547302797 ], [ -77.067079601518103, 38.843874546966198 ], [ -77.067058602046203, 38.843877546640002 ], [ -77.067037601402902, 38.843880547196697 ], [ -77.067006601398802, 38.843885547410103 ], [ -77.066985601920706, 38.843888547070797 ], [ -77.066954601909501, 38.843893547270397 ], [ -77.066933602426801, 38.843896546921798 ], [ -77.066912601411701, 38.843900546603997 ], [ -77.066892601892107, 38.8439035467444 ], [ -77.066871602006501, 38.843907547333998 ], [ -77.066848602184606, 38.8439115469263 ], [ -77.066829601492501, 38.843914546637897 ], [ -77.066799602197506, 38.843920547356298 ], [ -77.066778602319701, 38.8439245470285 ], [ -77.066758602406694, 38.8439285471947 ], [ -77.066737601372495, 38.843932546845501 ], [ -77.066717601454997, 38.843936547004702 ], [ -77.0666966023377, 38.843941546724899 ], [ -77.066675601278206, 38.843945547265399 ], [ -77.066655601353702, 38.843949547413899 ], [ -77.066635602213793, 38.843954546721001 ], [ -77.066614602298898, 38.843958547264599 ], [ -77.066594601983894, 38.843963547451402 ], [ -77.066574602067803, 38.843967546685398 ], [ -77.066554601747498, 38.843972546865302 ], [ -77.066533601438607, 38.843977547442996 ], [ -77.066513601515197, 38.843981546666598 ], [ -77.066502601757904, 38.843984546733701 ], [ -77.066482601427893, 38.843989546901298 ], [ -77.066481957681702, 38.843989707516897 ], [ -77.066518443595598, 38.843978141651498 ], [ -77.066564317674903, 38.8439649533939 ], [ -77.066610256111005, 38.843951829871799 ], [ -77.066656068141597, 38.843940016570002 ], [ -77.066705505540597, 38.843928266439001 ], [ -77.066751381087798, 38.843917828723797 ], [ -77.066797256621598, 38.843907390990601 ], [ -77.066846568782594, 38.8438983916704 ], [ -77.066895943144601, 38.843889392187997 ], [ -77.066941755477998, 38.843880329376098 ], [ -77.066991069092694, 38.843874140973703 ], [ -77.067040380349297, 38.843866454244001 ], [ -77.067086130849702, 38.843860141218101 ], [ -77.067135380199502, 38.843855266455201 ], [ -77.067191693596797, 38.843849078726798 ], [ -77.067370705806894, 38.843839822583398 ] ] ] ] } },
{ "type": "Feature", "properties": { "OBJECTID": 33, "ZIPCODE": 22311, "GlobalID": "72caf59f-a68b-4bd6-bdb9-723b07ab5857", "Shape__Area": 33810869.9140625, "Shape__Length": 35945.701805646298 }, "geometry": { "type": "Polygon", "coordinates": [ [ [ -77.110675628490796, 38.843435543948303 ], [ -77.110759628196007, 38.843358543577096 ], [ -77.110831628210207, 38.843291543941099 ], [ -77.110890630092499, 38.843245543662803 ], [ -77.110961627948001, 38.843199543866 ], [ -77.111066629891894, 38.843157542961997 ], [ -77.111159629884597, 38.843115543206601 ], [ -77.111281629307399, 38.8430815435865 ], [ -77.111394629465195, 38.843068543754597 ], [ -77.111505629476696, 38.843040543790003 ], [ -77.111630630241706, 38.843032543570096 ], [ -77.111708629544395, 38.843024543199 ], [ -77.111798630263394, 38.843010543891701 ], [ -77.111891628847403, 38.842988543563202 ], [ -77.112371629563398, 38.842847542941001 ], [ -77.112487629874494, 38.842815543323802 ], [ -77.112591630390199, 38.842782543158101 ], [ -77.112778630002595, 38.842730543652998 ], [ -77.1128526303347, 38.842705543136702 ], [ -77.112932629998198, 38.842670542737302 ], [ -77.113016630548699, 38.842622543016297 ], [ -77.113099630792206, 38.842560542487298 ], [ -77.113150630548105, 38.8425085426639 ], [ -77.113195630266603, 38.842442542461399 ], [ -77.113257630749104, 38.842305542534099 ], [ -77.113265631025101, 38.842256542908402 ], [ -77.113267630363495, 38.842198543146303 ], [ -77.113272630384898, 38.842113542458002 ], [ -77.113288630562906, 38.842031542128503 ], [ -77.113327629994401, 38.841960542829803 ], [ -77.113375630869697, 38.841888542598397 ], [ -77.113423630209795, 38.841832542163601 ], [ -77.113538631021399, 38.841750541835303 ], [ -77.113611630558495, 38.841714542937801 ], [ -77.113661630697607, 38.841692542375299 ], [ -77.113733630914993, 38.8416675420156 ], [ -77.113906630230701, 38.841616542113101 ], [ -77.114272630920496, 38.841504542088998 ], [ -77.114717630983904, 38.8413725417306 ], [ -77.114676631161402, 38.841291542433801 ], [ -77.114642630647694, 38.841245541748499 ], [ -77.114338630714798, 38.840968541639597 ], [ -77.114083630876493, 38.840750541796602 ], [ -77.113865630559104, 38.8405565415732 ], [ -77.113821630749399, 38.840515541699801 ], [ -77.113776629975405, 38.840470541514598 ], [ -77.113731630510102, 38.840417541857498 ], [ -77.113704629998594, 38.8403615420061 ], [ -77.113688630574998, 38.840291541698697 ], [ -77.113686630169994, 38.840230542276501 ], [ -77.113694630500007, 38.840162541724197 ], [ -77.113720629948901, 38.840088541756899 ], [ -77.113760629902103, 38.840033542244001 ], [ -77.113796630270002, 38.839991542032003 ], [ -77.113853630862394, 38.839944541826803 ], [ -77.113924630754894, 38.839895541949502 ], [ -77.114006631055801, 38.839843542053202 ], [ -77.114048630856303, 38.8398105418513 ], [ -77.114095630025105, 38.839760542217498 ], [ -77.114138630846199, 38.839686541992798 ], [ -77.114157631151599, 38.839615541411199 ], [ -77.114155630805499, 38.839535542011902 ], [ -77.114143630134606, 38.839471541498298 ], [ -77.114112630558694, 38.839421541636803 ], [ -77.114067630709499, 38.839361541760802 ], [ -77.113967630207696, 38.839267541284102 ], [ -77.113892629960006, 38.839186541956998 ], [ -77.113830630529506, 38.8391375417457 ], [ -77.113791630356502, 38.839110542072099 ], [ -77.113746630423805, 38.839090542122598 ], [ -77.113697630752199, 38.8390825414209 ], [ -77.113659630198001, 38.839079542013501 ], [ -77.113613630606494, 38.839085541326298 ], [ -77.113532630632093, 38.839111541645501 ], [ -77.113305630232304, 38.8391905421472 ], [ -77.112998629929393, 38.8392995415591 ], [ -77.112701630257305, 38.839400541785601 ], [ -77.1126236298267, 38.839428541893597 ], [ -77.112307630041897, 38.839535542060503 ], [ -77.112162629379498, 38.839571542007 ], [ -77.112000630171593, 38.839575541976501 ], [ -77.111864629889297, 38.839575541799299 ], [ -77.111714629591603, 38.839537541670701 ], [ -77.111614627809203, 38.839497541672898 ], [ -77.111383628474101, 38.839259542098098 ], [ -77.111265629296696, 38.839129541768997 ], [ -77.111151628710005, 38.839051541519403 ], [ -77.110900627751704, 38.839202541484397 ], [ -77.110390629544199, 38.8396025416572 ], [ -77.1097576288292, 38.840206541990298 ], [ -77.109495628080893, 38.840483542551901 ], [ -77.109311628826305, 38.840717542162402 ], [ -77.109242627877407, 38.840797541902198 ], [ -77.109118627733395, 38.840945542646899 ], [ -77.108961628844895, 38.841107542054402 ], [ -77.108833627881907, 38.841216542810301 ], [ -77.108604628461094, 38.841364542692297 ], [ -77.108399626669893, 38.841478543061797 ], [ -77.108171627194807, 38.841588542273897 ], [ -77.107899626961597, 38.841678542611497 ], [ -77.107652626546297, 38.841730543391201 ], [ -77.107719626980298, 38.841572543308303 ], [ -77.108146626999002, 38.840570543031902 ], [ -77.108515627048703, 38.839750542330201 ], [ -77.108516626875797, 38.838126541981502 ], [ -77.106277626067794, 38.838400541902502 ], [ -77.106162626045204, 38.838935542510697 ], [ -77.106150625638094, 38.838987542134198 ], [ -77.106156626259306, 38.839042542147702 ], [ -77.106172625757594, 38.839096541928001 ], [ -77.106203626440603, 38.839145542120903 ], [ -77.106237625736, 38.839194541874498 ], [ -77.106268625778398, 38.839232542416099 ], [ -77.106322626567703, 38.839334542527098 ], [ -77.106345625767503, 38.839436542092002 ], [ -77.106333626264203, 38.839520542362997 ], [ -77.106278625133498, 38.839626542105798 ], [ -77.106167626109297, 38.839730542548303 ], [ -77.106078625771204, 38.839805542390998 ], [ -77.105982624838802, 38.839867542190703 ], [ -77.105857625702797, 38.8399475424984 ], [ -77.1058006260713, 38.839976542541002 ], [ -77.105340625703107, 38.839441542378999 ], [ -77.105077623975106, 38.839115542066899 ], [ -77.105170623930704, 38.839061541955402 ], [ -77.105549624093101, 38.838846542013101 ], [ -77.105662624152501, 38.838781541653702 ], [ -77.105812624842699, 38.838695541836998 ], [ -77.105862624161404, 38.838645542323597 ], [ -77.105977626384998, 38.838487542065501 ], [ -77.106043625365004, 38.838357542169 ], [ -77.106095625708605, 38.838193541027103 ], [ -77.106168624467799, 38.8378855417522 ], [ -77.106192624893296, 38.8377475417374 ], [ -77.106271625374603, 38.837296541887902 ], [ -77.106318624414001, 38.837034541369597 ], [ -77.106176624881101, 38.837013540675201 ], [ -77.106087625813601, 38.837000541702601 ], [ -77.105474624605705, 38.836920541920499 ], [ -77.105254624469197, 38.836873541817901 ], [ -77.105222623878106, 38.836865540443803 ], [ -77.105100625162606, 38.836832540393999 ], [ -77.105020624051605, 38.836803541358499 ], [ -77.104794625607795, 38.836681542026497 ], [ -77.1046666240983, 38.8365975415565 ], [ -77.104517624771901, 38.836491540673698 ], [ -77.104288624172895, 38.836314540699298 ], [ -77.1041916232452, 38.836239540292297 ], [ -77.105676625601703, 38.832753539762301 ], [ -77.105735623693107, 38.832695538682302 ], [ -77.106565623974902, 38.832452538739801 ], [ -77.107657626143407, 38.832133538624902 ], [ -77.107801626623399, 38.832089539280297 ], [ -77.108204626088295, 38.831970538356799 ], [ -77.108401626275693, 38.831911539009702 ], [ -77.108868626441406, 38.831761539085697 ], [ -77.109695626766793, 38.831494539033102 ], [ -77.110240626741302, 38.831316538271302 ], [ -77.110287627498593, 38.831301538225098 ], [ -77.111387629035704, 38.830925538001097 ], [ -77.111642627183201, 38.830832538522998 ], [ -77.1118606273442, 38.830755538620998 ], [ -77.113070629345501, 38.830279537820203 ], [ -77.113201629168799, 38.830227538249602 ], [ -77.113482628974296, 38.830120537771499 ], [ -77.113585629938299, 38.830081538260501 ], [ -77.113664629417002, 38.830051538468403 ], [ -77.114061629496305, 38.829891538458 ], [ -77.114185630054706, 38.829841537225498 ], [ -77.115109629988197, 38.829433536981902 ], [ -77.117089630378103, 38.828528537278601 ], [ -77.119412632651802, 38.827302536268398 ], [ -77.119934631620694, 38.827003536158699 ], [ -77.120679633674698, 38.826577536212298 ], [ -77.120913632902798, 38.826432535966397 ], [ -77.121141633568399, 38.826292536194202 ], [ -77.123081634868598, 38.825044534787303 ], [ -77.124380635742796, 38.824133534732198 ], [ -77.125278636108305, 38.823470534724997 ], [ -77.125976636481496, 38.822941533393298 ], [ -77.126571636959099, 38.822474533639898 ], [ -77.127561636878994, 38.821714532543702 ], [ -77.128341637391202, 38.821124532832499 ], [ -77.128537637354, 38.821339534073601 ], [ -77.128571637569905, 38.821455532532603 ], [ -77.128581637745, 38.821465533669198 ], [ -77.128602637312497, 38.821484534054903 ], [ -77.128619637335106, 38.821513534125103 ], [ -77.128625637838795, 38.8215475329174 ], [ -77.128606637418898, 38.821566532508498 ], [ -77.128605636812907, 38.821643532638902 ], [ -77.128592637767696, 38.821686533250002 ], [ -77.128572636876996, 38.821725533819901 ], [ -77.128572636894702, 38.821749534076801 ], [ -77.128584637424794, 38.821773534039302 ], [ -77.128632637727605, 38.821822533390197 ], [ -77.128637637054496, 38.821860533284401 ], [ -77.128606638426007, 38.821884533442798 ], [ -77.128617637390903, 38.821947532584097 ], [ -77.128610637665801, 38.822024532870003 ], [ -77.128633637224098, 38.822111533765998 ], [ -77.128662638575094, 38.822189533187299 ], [ -77.128683637960506, 38.822317534287897 ], [ -77.1287516371858, 38.822391534245703 ], [ -77.128782637846896, 38.822428534301501 ], [ -77.128880637545507, 38.8225995335264 ], [ -77.128933637503096, 38.822661533216397 ], [ -77.129048637538801, 38.822753534328498 ], [ -77.129140637755398, 38.8228345327868 ], [ -77.129232638583701, 38.8228835332486 ], [ -77.129324638627097, 38.822970533642597 ], [ -77.129446638045195, 38.823068534404499 ], [ -77.129508638390305, 38.823100533898 ], [ -77.129577639357805, 38.823161533612499 ], [ -77.129608637603894, 38.823180534349298 ], [ -77.129619637731096, 38.823192532746802 ], [ -77.129661638123807, 38.823241533648698 ], [ -77.129723638201099, 38.823272533874501 ], [ -77.1297696388811, 38.823310534074203 ], [ -77.129808637892907, 38.823384534399601 ], [ -77.129851638219606, 38.823463533917902 ], [ -77.129894638823302, 38.823577534185901 ], [ -77.129948639009598, 38.823630533823703 ], [ -77.130067638321904, 38.823823534020697 ], [ -77.130088639139998, 38.823902534278403 ], [ -77.130164639262901, 38.824025534483702 ], [ -77.130229637943202, 38.8241475341027 ], [ -77.130316638750401, 38.824236533961297 ], [ -77.130503640088406, 38.824386534303699 ], [ -77.130679639730104, 38.824493534562102 ], [ -77.130822640165505, 38.824572533810901 ], [ -77.130923639215297, 38.824632533885001 ], [ -77.131058640366305, 38.824738534481703 ], [ -77.131138639559794, 38.824812534200198 ], [ -77.131195638836104, 38.824926534143898 ], [ -77.131260639034707, 38.825006533881599 ], [ -77.131330640437099, 38.825102534101099 ], [ -77.131390638824698, 38.825153535324397 ], [ -77.131466639547199, 38.825204533938802 ], [ -77.1315366401912, 38.825280533979303 ], [ -77.131611639620303, 38.825365534125602 ], [ -77.131679639687206, 38.825447534451598 ], [ -77.131855640698703, 38.825579534055102 ], [ -77.1319736406667, 38.825685534434598 ], [ -77.1320216406816, 38.825746534656197 ], [ -77.132148640420795, 38.825888535131 ], [ -77.132172640909104, 38.825956534258303 ], [ -77.132185639938896, 38.825972535161497 ], [ -77.132252639941598, 38.826051534144398 ], [ -77.1322946407968, 38.826129535387501 ], [ -77.132374641009307, 38.826191534560301 ], [ -77.132492640236293, 38.826316535257497 ], [ -77.132598640627407, 38.826419534638603 ], [ -77.132640640238506, 38.826470535376302 ], [ -77.1327036402147, 38.826558535641297 ], [ -77.132723640340799, 38.826639534578398 ], [ -77.132756641159801, 38.8266835355086 ], [ -77.132899641324002, 38.826860534844698 ], [ -77.132958640523796, 38.826954535476503 ], [ -77.133025640581494, 38.8270495356211 ], [ -77.133031640367705, 38.827147534362901 ], [ -77.133021641381006, 38.827214535407499 ], [ -77.133021641056303, 38.827241535750801 ], [ -77.133100640983599, 38.827360535281997 ], [ -77.133142641045893, 38.8274445355447 ], [ -77.133196640795404, 38.827533535233499 ], [ -77.133229641963695, 38.827627535619598 ], [ -77.133287641306694, 38.827742535289303 ], [ -77.133310641485394, 38.827768535866802 ], [ -77.133343641620201, 38.827807535470903 ], [ -77.133376641466697, 38.827898535652501 ], [ -77.133371641439894, 38.827965535464898 ], [ -77.133320640629293, 38.828146535464597 ], [ -77.133257641644406, 38.828300535911602 ], [ -77.133200642623706, 38.8283605361177 ], [ -77.133150640827907, 38.828395535561697 ], [ -77.133021641196294, 38.8284895355917 ], [ -77.132960640388703, 38.828519535440897 ], [ -77.132873641245695, 38.828585535862302 ], [ -77.132807641062101, 38.828644535483697 ], [ -77.132781640692599, 38.828672535675999 ], [ -77.132737641293403, 38.8287155358707 ], [ -77.132593641342197, 38.828838535885197 ], [ -77.132527640413699, 38.828918536306396 ], [ -77.132500640355602, 38.828968535708498 ], [ -77.132490641144202, 38.829008536347203 ], [ -77.132507640340194, 38.829055535679203 ], [ -77.132519641271301, 38.829103536273998 ], [ -77.132540640788207, 38.8291335363866 ], [ -77.132560641019396, 38.829181535586699 ], [ -77.132559640732197, 38.829238535553102 ], [ -77.132580641055497, 38.829278536124399 ], [ -77.132622641270899, 38.829312536043403 ], [ -77.132673640772396, 38.829340536014499 ], [ -77.1327076407417, 38.829387536081697 ], [ -77.132727641235903, 38.829448535846197 ], [ -77.132725641455394, 38.829563535825798 ], [ -77.132713641060704, 38.8297415356855 ], [ -77.132717640931403, 38.829781536363903 ], [ -77.132714641506794, 38.829892536217699 ], [ -77.132726640456198, 38.829970536322399 ], [ -77.132738641114202, 38.830034535805702 ], [ -77.132754641235493, 38.830088536378597 ], [ -77.132783641228002, 38.830145536275403 ], [ -77.132829641439201, 38.830203536049702 ], [ -77.132922641533597, 38.830278536308697 ], [ -77.1329996406226, 38.830323537041302 ], [ -77.133118641755502, 38.830412536118303 ], [ -77.133245641443295, 38.830518537096999 ], [ -77.133427641716906, 38.830661535901498 ], [ -77.133567640875597, 38.830757536975703 ], [ -77.133622642645093, 38.830784537114802 ], [ -77.133674641544204, 38.830792536543498 ], [ -77.133717641679596, 38.830782535781402 ], [ -77.133778641250402, 38.830749537187899 ], [ -77.133816641175201, 38.830770536342399 ], [ -77.133841642846804, 38.830814536572497 ], [ -77.133884641600702, 38.830841536506 ], [ -77.133879642690104, 38.8308685362964 ], [ -77.133882641577102, 38.830971537121499 ], [ -77.133925641171501, 38.8309065373941 ], [ -77.133897641511993, 38.830821536469301 ], [ -77.133835641265804, 38.830709535833599 ], [ -77.133844642450995, 38.830669536998499 ], [ -77.1338876428227, 38.830643536354202 ], [ -77.133962641931305, 38.830586536470697 ], [ -77.134027641872294, 38.830564537061498 ], [ -77.134104641853895, 38.830551537142703 ], [ -77.134173641579395, 38.830555535830399 ], [ -77.134259641622293, 38.830556535776999 ], [ -77.134349642878604, 38.830571536005401 ], [ -77.134452642186304, 38.8306065369528 ], [ -77.134520641939901, 38.830630536416002 ], [ -77.134571641335796, 38.830661536569401 ], [ -77.134626641484104, 38.830705536983601 ], [ -77.1347066418015, 38.830773536491002 ], [ -77.134745642749607, 38.830812536987303 ], [ -77.134788642804594, 38.830861536691799 ], [ -77.134792642138393, 38.830904537403498 ], [ -77.134846642991405, 38.830855536308199 ], [ -77.134890643366504, 38.8308385374282 ], [ -77.134914642856799, 38.8308285368445 ], [ -77.134916041860393, 38.830835225490098 ], [ -77.135001671779605, 38.831430756334299 ], [ -77.135275109052202, 38.832190444089001 ], [ -77.134950235316595, 38.832289693887098 ], [ -77.134487609137196, 38.8324312564853 ], [ -77.134159171708504, 38.832530382465599 ], [ -77.133830795926499, 38.832630881287301 ], [ -77.133753108734496, 38.832654694252199 ], [ -77.133226921263898, 38.832816131812301 ], [ -77.133089170377801, 38.832858443895198 ], [ -77.132615984115404, 38.833002569102902 ], [ -77.132276982108607, 38.833105694888701 ], [ -77.132255794948804, 38.8331110067829 ], [ -77.131884982315299, 38.833224757610701 ], [ -77.131545981664402, 38.833327881320102 ], [ -77.131348232463793, 38.833388756610397 ], [ -77.131155107841707, 38.8335690692643 ], [ -77.130887232311693, 38.833813069276601 ], [ -77.130672731845905, 38.834013821001598 ], [ -77.1303083563689, 38.834341820119803 ], [ -77.130283294931104, 38.834364882743699 ], [ -77.130029605923298, 38.834598071118002 ], [ -77.129668669596001, 38.834931633891301 ], [ -77.129568607100197, 38.835021071414303 ], [ -77.129529042162503, 38.8350714468422 ], [ -77.129205667481799, 38.835456257196398 ], [ -77.128975794332106, 38.835728133109498 ], [ -77.128839356893906, 38.835887195985698 ], [ -77.128792606372301, 38.835942946923701 ], [ -77.1285521044597, 38.836218883608304 ], [ -77.128408418040607, 38.836388821232298 ], [ -77.128261105820599, 38.836565633731801 ], [ -77.127941355774297, 38.836946321539202 ], [ -77.1279197935594, 38.836970759765002 ], [ -77.127776917981393, 38.836916946536398 ], [ -77.127748667241804, 38.836923446272699 ], [ -77.127265542948507, 38.837033134278997 ], [ -77.126923542836195, 38.837110133805602 ], [ -77.126493353950295, 38.837206696769599 ], [ -77.126433416894201, 38.837219759023903 ], [ -77.1262464792798, 38.837262883995102 ], [ -77.125939604796301, 38.8373320716113 ], [ -77.125611729715004, 38.837406509160601 ], [ -77.125287354329799, 38.837478196575802 ], [ -77.124800666535293, 38.837589196797303 ], [ -77.124814477389705, 38.837603072748003 ], [ -77.125242666754104, 38.838161447151997 ], [ -77.125770416384896, 38.838840385500703 ], [ -77.125985669094405, 38.839334448180303 ], [ -77.1258161668041, 38.839381885808102 ], [ -77.125678542051304, 38.839418759930297 ], [ -77.125329041617604, 38.839519010480899 ], [ -77.125134917026898, 38.839570260738697 ], [ -77.125281915845903, 38.8397793233041 ], [ -77.125452916805202, 38.840017510377201 ], [ -77.125599854262205, 38.840227948419603 ], [ -77.125425729868496, 38.840337071954401 ], [ -77.125746354852794, 38.840644261422497 ], [ -77.1253269795465, 38.8409085110749 ], [ -77.125074667138904, 38.841066198014602 ], [ -77.124623291863898, 38.841351947880199 ], [ -77.124554728794905, 38.841080699149501 ], [ -77.124471916586103, 38.840821574004401 ], [ -77.124320353449605, 38.840852761348998 ], [ -77.123981978990301, 38.840918823320003 ], [ -77.1236083542572, 38.840994074097203 ], [ -77.123312228983195, 38.841053760800499 ], [ -77.1231184153973, 38.841091323420798 ], [ -77.122519164496595, 38.841211948472598 ], [ -77.1218600390429, 38.841342886908699 ], [ -77.121653101111804, 38.841384249060702 ], [ -77.121648635721598, 38.8413715420035 ], [ -77.121647985485595, 38.841370968576697 ], [ -77.121470351471501, 38.840789136673301 ], [ -77.121311851032303, 38.8402682606974 ], [ -77.121305985635502, 38.840270095490901 ], [ -77.121299635521794, 38.8402495416005 ], [ -77.121225634252696, 38.840272541885298 ], [ -77.121028636274801, 38.840332541233302 ], [ -77.120689634324194, 38.840435541176298 ], [ -77.120640634799301, 38.840435541955998 ], [ -77.120600634765907, 38.840448541853398 ], [ -77.120558634879799, 38.840461541658499 ], [ -77.120504634500506, 38.840492541766999 ], [ -77.119978633967804, 38.840652541708899 ], [ -77.119938634472703, 38.840648541522299 ], [ -77.119659634913205, 38.840734541394198 ], [ -77.119517633683003, 38.840778541890103 ], [ -77.118937633553998, 38.840957541716897 ], [ -77.118904633553697, 38.840980541872398 ], [ -77.118722633767803, 38.841036541600097 ], [ -77.1185156335779, 38.841100541771198 ], [ -77.118307633904905, 38.841163541482103 ], [ -77.118187633176007, 38.841201542322203 ], [ -77.117923632709505, 38.8412835415212 ], [ -77.117883633477106, 38.841291542085997 ], [ -77.116463632872197, 38.841725542291698 ], [ -77.115685631432697, 38.841962541745701 ], [ -77.115413630842596, 38.842046541996098 ], [ -77.112500630680103, 38.842937543131796 ], [ -77.111397629578093, 38.8432745436685 ], [ -77.111341628001597, 38.843287543941202 ], [ -77.110803628657393, 38.8434615438265 ], [ -77.110675628490796, 38.843435543948303 ] ], [ [ -77.107895626314004, 38.833550540292897 ], [ -77.107574625563601, 38.833836540135202 ], [ -77.1075096265822, 38.833893540242201 ], [ -77.107198626362106, 38.8340385400221 ], [ -77.107169624503697, 38.834058540077997 ], [ -77.107161625511793, 38.834094539703898 ], [ -77.107178626294896, 38.834139540047097 ], [ -77.107256624584807, 38.8342695404381 ], [ -77.107269626553901, 38.8343105399655 ], [ -77.107261626244707, 38.834320540114199 ], [ -77.107244626206196, 38.834336540067198 ], [ -77.107027625484093, 38.834512540099503 ], [ -77.106895626138893, 38.834616540661102 ], [ -77.106667624359005, 38.834799540432797 ], [ -77.107003625821207, 38.835067539945904 ], [ -77.107068626453795, 38.835119540031201 ], [ -77.107393626627598, 38.834872540466897 ], [ -77.107693626711793, 38.834682539917402 ], [ -77.107643626750104, 38.8346105405777 ], [ -77.107572626744798, 38.8345075401214 ], [ -77.107568626483996, 38.834490540485199 ], [ -77.107589626034596, 38.834475540235303 ], [ -77.108275626895306, 38.834265539333003 ], [ -77.108303626591095, 38.834246538884699 ], [ -77.108318626998297, 38.834220539810097 ], [ -77.108318626305405, 38.834176540365497 ], [ -77.108312626196906, 38.8341245396646 ], [ -77.108289626217498, 38.834070539992602 ], [ -77.107950626354196, 38.8334455397585 ], [ -77.107895626314004, 38.833550540292897 ] ] ] } },
{ "type": "Feature", "properties": { "OBJECTID": 34, "ZIPCODE": 22301, "GlobalID": "cba12a0e-55a5-4dc0-baaf-a30861ae8b31", "Shape__Area": 39334862.359375, "Shape__Length": 37246.4491491343 }, "geometry": { "type": "Polygon", "coordinates": [ [ [ -77.0495155881448, 38.820607539212197 ], [ -77.049509587645204, 38.8205355389753 ], [ -77.049498588444393, 38.820460538926099 ], [ -77.049617588295007, 38.820293539118097 ], [ -77.049857587957305, 38.819944538604602 ], [ -77.052234589622003, 38.816677536658403 ], [ -77.052431588464302, 38.816384537152601 ], [ -77.0532315902189, 38.815198537039997 ], [ -77.054755590655105, 38.813065535327098 ], [ -77.054838591185302, 38.813101535562197 ], [ -77.054932590182801, 38.812930534818399 ], [ -77.055037590766005, 38.812729536071998 ], [ -77.055328590967207, 38.8122355352575 ], [ -77.055357590819895, 38.812189535377101 ], [ -77.055548591079301, 38.811914534491798 ], [ -77.0557855907646, 38.811575535122302 ], [ -77.055876591342198, 38.811452534855697 ], [ -77.056035591422798, 38.811240535164799 ], [ -77.056296590739393, 38.8109045348127 ], [ -77.056479590680297, 38.810694534457703 ], [ -77.056654591164602, 38.810495534304998 ], [ -77.056932591498494, 38.810179533935603 ], [ -77.057459593167096, 38.809611533691303 ], [ -77.057860591619303, 38.809219534034099 ], [ -77.058230593010805, 38.808881533003699 ], [ -77.058504592895503, 38.808641533229903 ], [ -77.058722592311696, 38.8084575331278 ], [ -77.059243592108302, 38.808041532892801 ], [ -77.059764593092197, 38.807658533372503 ], [ -77.059976593150694, 38.807505533156103 ], [ -77.060047593308894, 38.807457532176599 ], [ -77.060525593124396, 38.807137532556702 ], [ -77.060926594169302, 38.806885532321601 ], [ -77.061043594035894, 38.8068115329609 ], [ -77.061702594558597, 38.806428531820998 ], [ -77.062080594614997, 38.806214532799601 ], [ -77.062561594143006, 38.805964531939203 ], [ -77.063139594470101, 38.805689531790897 ], [ -77.063410594368605, 38.805569531174797 ], [ -77.063920594930096, 38.805366531523802 ], [ -77.064270595523993, 38.805234531204398 ], [ -77.064761595909602, 38.8050745314548 ], [ -77.064829595034894, 38.805081532197498 ], [ -77.064932595776099, 38.805098531036599 ], [ -77.065410597262101, 38.805170530964602 ], [ -77.065130595994901, 38.805384531947297 ], [ -77.064910596845095, 38.805478531694099 ], [ -77.064216595287306, 38.805779532466701 ], [ -77.063501594599003, 38.806094531511803 ], [ -77.063303594711499, 38.806189531933803 ], [ -77.063115594577297, 38.806284532873399 ], [ -77.063004594886095, 38.806397532731502 ], [ -77.062942594617198, 38.806489531352703 ], [ -77.0628925948904, 38.8065595314132 ], [ -77.062756596071495, 38.806879532388301 ], [ -77.062716594595202, 38.806974532093399 ], [ -77.062662594966696, 38.807021532965599 ], [ -77.062580595467296, 38.807065532928803 ], [ -77.062448594773699, 38.8070995321834 ], [ -77.062361594792307, 38.807100532896897 ], [ -77.062448593999605, 38.807140532940203 ], [ -77.062563594793104, 38.8072035314812 ], [ -77.062604594434902, 38.807238532375898 ], [ -77.062635594613496, 38.807263532648598 ], [ -77.063044594771796, 38.807545532311501 ], [ -77.063849595589204, 38.808174532467902 ], [ -77.064640595667797, 38.808803533035501 ], [ -77.065159595669002, 38.809188532884697 ], [ -77.065370597090507, 38.809012532853501 ], [ -77.065445597375103, 38.808927532936202 ], [ -77.065479596775106, 38.808827532554801 ], [ -77.065483597171294, 38.808760533185499 ], [ -77.065478596841004, 38.808692532714502 ], [ -77.065444596814999, 38.808464532646703 ], [ -77.0654445965381, 38.808430532343202 ], [ -77.065470596567394, 38.808399533008902 ], [ -77.065519596993397, 38.808366532775302 ], [ -77.0655655971443, 38.808352533051099 ], [ -77.065625597307999, 38.8083405325172 ], [ -77.065688597231798, 38.808345532738201 ], [ -77.065730596871404, 38.808355532374001 ], [ -77.065786597126902, 38.808386532364501 ], [ -77.0658615968443, 38.808458532864201 ], [ -77.065950595653803, 38.808582532853102 ], [ -77.066079597201707, 38.808792532372898 ], [ -77.066136596909303, 38.808768532904701 ], [ -77.066150597442899, 38.808760533240701 ], [ -77.066172596963696, 38.808750533006801 ], [ -77.066200596879398, 38.808734532753697 ], [ -77.066221597652898, 38.808725532979899 ], [ -77.0662925970299, 38.808689532604902 ], [ -77.066342597885495, 38.808662532914802 ], [ -77.066367597719704, 38.808650533147201 ], [ -77.066401597921995, 38.808631533006398 ], [ -77.066419597121595, 38.808624532681399 ], [ -77.066440597458396, 38.808622532393898 ], [ -77.066462597261804, 38.808626532972298 ], [ -77.066473597754594, 38.808631532550997 ], [ -77.066500596919894, 38.808651533028403 ], [ -77.066544597787001, 38.808704532440103 ], [ -77.066579597939807, 38.808753532435396 ], [ -77.066599597715296, 38.808778532367697 ], [ -77.0666165974975, 38.808801532459697 ], [ -77.066657598123001, 38.808847532578703 ], [ -77.066682597680696, 38.808869533030702 ], [ -77.066816597264506, 38.808972533022398 ], [ -77.066906597554095, 38.809048532519199 ], [ -77.066958597885005, 38.809090532400297 ], [ -77.067093597760504, 38.809193532566397 ], [ -77.067234598123406, 38.809303533301403 ], [ -77.0675465976325, 38.8095395330039 ], [ -77.067625597790894, 38.809603532924001 ], [ -77.067906598689504, 38.809815532798098 ], [ -77.068229599987703, 38.8095725329487 ], [ -77.068855600148495, 38.8100495327527 ], [ -77.069415599311995, 38.810479533209602 ], [ -77.069851600115697, 38.810435533162803 ], [ -77.070463600730704, 38.810376532733798 ], [ -77.070969600863904, 38.811223534253401 ], [ -77.071044601261207, 38.811347533531801 ], [ -77.071122600934999, 38.811502534208898 ], [ -77.071135600856493, 38.811714534097 ], [ -77.071289599646605, 38.811721533216797 ], [ -77.071541601286199, 38.811722533049497 ], [ -77.071731600777298, 38.811724533534203 ], [ -77.071787600958203, 38.811731533637101 ], [ -77.071840600713799, 38.811744533588303 ], [ -77.071878601489402, 38.811758533898598 ], [ -77.071927601404496, 38.811788532991699 ], [ -77.072030601432303, 38.811885533824601 ], [ -77.072064601197596, 38.811939532820503 ], [ -77.072094601573198, 38.812016534060902 ], [ -77.072159601354997, 38.812310533646396 ], [ -77.072232601432702, 38.812695534151302 ], [ -77.072251601720197, 38.812802533899301 ], [ -77.072385601027605, 38.813640534065399 ], [ -77.072416601588202, 38.813860534222798 ], [ -77.071867601109801, 38.813906534590203 ], [ -77.071814601546706, 38.813917534305297 ], [ -77.071765601476599, 38.813935534446699 ], [ -77.071701601023804, 38.813968534848499 ], [ -77.071555600899103, 38.8140605341924 ], [ -77.071752601467693, 38.814217534414901 ], [ -77.0721436017228, 38.814573534927 ], [ -77.072376601979897, 38.8147845347724 ], [ -77.072106601041796, 38.8149675350314 ], [ -77.072035600983199, 38.81499153459 ], [ -77.071746601832501, 38.815059534759001 ], [ -77.071153601250003, 38.815224535797903 ], [ -77.070867600598007, 38.815305535068099 ], [ -77.070237600202304, 38.8154105358675 ], [ -77.070202600396399, 38.815374535182499 ], [ -77.070147600152694, 38.815344534369103 ], [ -77.069785600349704, 38.815362535382299 ], [ -77.068466599990899, 38.8154645345654 ], [ -77.068475598756095, 38.815583535234602 ], [ -77.0685155989446, 38.815665536224103 ], [ -77.068549599109005, 38.815722535484397 ], [ -77.068611599040295, 38.815799535146603 ], [ -77.068655598794905, 38.815849536117398 ], [ -77.068672600058903, 38.8158815345977 ], [ -77.068881600540394, 38.816162535682103 ], [ -77.068940599271201, 38.816248536022002 ], [ -77.068986599375705, 38.8163165352953 ], [ -77.069072599386701, 38.816447535089303 ], [ -77.069209600627204, 38.8166195348117 ], [ -77.069034600564393, 38.816683536154699 ], [ -77.068915600035197, 38.816726536090798 ], [ -77.068763598634803, 38.816776535610401 ], [ -77.068399598829302, 38.816920536241902 ], [ -77.067748598491903, 38.817162536151599 ], [ -77.0674575988497, 38.817161536098197 ], [ -77.067313598412795, 38.817176536561199 ], [ -77.067203598801299, 38.817202536456698 ], [ -77.067140598608702, 38.8172295363537 ], [ -77.067076598041396, 38.817261536010399 ], [ -77.067015598282396, 38.8173125364724 ], [ -77.066958598872702, 38.817373535902099 ], [ -77.066882598588506, 38.817477536434502 ], [ -77.066780598092294, 38.817632535901403 ], [ -77.066672598253106, 38.817772536782201 ], [ -77.066492598142005, 38.818029536129302 ], [ -77.067194598589296, 38.8183925368403 ], [ -77.067256598150195, 38.818426536411899 ], [ -77.067267598302394, 38.818572536118801 ], [ -77.067422598822006, 38.8196225364388 ], [ -77.067430600172699, 38.8197105365997 ], [ -77.067501600307196, 38.820245536614699 ], [ -77.067556600474504, 38.820626536675903 ], [ -77.068069600842705, 38.820944537905497 ], [ -77.068156598974895, 38.820991537344497 ], [ -77.0682436000575, 38.821014538053497 ], [ -77.0684155988436, 38.821030537407701 ], [ -77.0684685994094, 38.821026537794801 ], [ -77.068513600256296, 38.8213955380103 ], [ -77.068537599093801, 38.821609537823797 ], [ -77.068610599589704, 38.8223425384747 ], [ -77.069520600432696, 38.822286537819103 ], [ -77.069518601158194, 38.822306538029999 ], [ -77.069513601371398, 38.822327537759001 ], [ -77.069685600816001, 38.823115538384599 ], [ -77.069694601206194, 38.823221538882798 ], [ -77.069704601407196, 38.8233545378042 ], [ -77.069739601339805, 38.823642538627603 ], [ -77.069712600922003, 38.823620538914398 ], [ -77.069688601396805, 38.823569538064099 ], [ -77.069648601517301, 38.823442538709799 ], [ -77.069601600781297, 38.823189538627602 ], [ -77.0695786011335, 38.823084537808697 ], [ -77.0695596006626, 38.823015538258801 ], [ -77.069541601503104, 38.822992538251299 ], [ -77.069514601559902, 38.822983538341298 ], [ -77.069454601062802, 38.822969538557402 ], [ -77.069433601118106, 38.822968538358303 ], [ -77.069405601535095, 38.822969538526301 ], [ -77.069359601555604, 38.822981537898201 ], [ -77.069327600161301, 38.823011537783799 ], [ -77.069312601114504, 38.823052538374199 ], [ -77.069321601271298, 38.8231375385947 ], [ -77.069338600032296, 38.8233165381478 ], [ -77.069371601582503, 38.8238085382036 ], [ -77.069308601673001, 38.823793538669797 ], [ -77.068888601265002, 38.823744538127499 ], [ -77.068670600873006, 38.823734538298098 ], [ -77.068470599198207, 38.823735538437901 ], [ -77.068196599512305, 38.823761538666901 ], [ -77.067893600037806, 38.823791539551102 ], [ -77.067735600949504, 38.823822538330603 ], [ -77.067512600153094, 38.823873538313499 ], [ -77.067195599916701, 38.823942538129103 ], [ -77.066906599438695, 38.824009539270698 ], [ -77.066789599389907, 38.824041539311402 ], [ -77.066589599903295, 38.8240795393301 ], [ -77.066423599261896, 38.8241085394057 ], [ -77.066303599017701, 38.824118538876597 ], [ -77.066170599118706, 38.824131539930001 ], [ -77.065847598853793, 38.824122539370101 ], [ -77.065651598320599, 38.8241145398502 ], [ -77.065268598622495, 38.824094538831702 ], [ -77.065231597864596, 38.824221539802302 ], [ -77.065207598326097, 38.8243385396745 ], [ -77.065202598362603, 38.824419540011696 ], [ -77.065204598575505, 38.824483539359399 ], [ -77.065210598813394, 38.824567538323002 ], [ -77.065254597870293, 38.824836539626098 ], [ -77.065301598676896, 38.825085539492399 ], [ -77.065372598533301, 38.8254015401873 ], [ -77.065478598659396, 38.825905539869098 ], [ -77.065519598387098, 38.8261215399842 ], [ -77.065604598879602, 38.826463540094302 ], [ -77.065848598888095, 38.827078540370003 ], [ -77.065871599185499, 38.8271625397742 ], [ -77.065896599432804, 38.827289539951302 ], [ -77.065889598857893, 38.827483540303902 ], [ -77.067318600360494, 38.827821540153003 ], [ -77.0680146004172, 38.827902540127802 ], [ -77.068939601148301, 38.827940539647003 ], [ -77.069445601510296, 38.828201540520602 ], [ -77.069510601833102, 38.828990540416598 ], [ -77.068047601630298, 38.8293115406833 ], [ -77.066431600929803, 38.830052541827101 ], [ -77.066447599368601, 38.830116541768199 ], [ -77.065930598692603, 38.829987541735299 ], [ -77.065120598661096, 38.8297745410513 ], [ -77.064317598050096, 38.829556541667699 ], [ -77.064055598575393, 38.829471541405503 ], [ -77.063930598200898, 38.829415541166803 ], [ -77.0637945980544, 38.829332540674201 ], [ -77.063701597611299, 38.829260541671601 ], [ -77.063612598542903, 38.829175540369199 ], [ -77.0635395980308, 38.829096541463102 ], [ -77.0634785979654, 38.829018541705999 ], [ -77.063437598002096, 38.828959540971198 ], [ -77.063386597674693, 38.8288745415393 ], [ -77.062925597347004, 38.828752541873101 ], [ -77.061856597545003, 38.8284635413019 ], [ -77.0613925961094, 38.828336541716297 ], [ -77.061203596573094, 38.828323541160302 ], [ -77.061073597480103, 38.8283215418206 ], [ -77.060739596731906, 38.828331541409597 ], [ -77.060416595810096, 38.827487540633399 ], [ -77.060201595832396, 38.827506541178899 ], [ -77.058924595176507, 38.827617540698697 ], [ -77.058985595215304, 38.827935540727303 ], [ -77.059066594527295, 38.828416540789199 ], [ -77.059227595223604, 38.829350541080998 ], [ -77.059376594794102, 38.830138541902699 ], [ -77.059492595828104, 38.830812542479599 ], [ -77.057971594391404, 38.831339542336401 ], [ -77.056053592281899, 38.8315095427022 ], [ -77.056006593751306, 38.831156542159597 ], [ -77.055584593885996, 38.831192542425804 ], [ -77.053572592987706, 38.831386542293401 ], [ -77.053618591280895, 38.831727542620897 ], [ -77.0536675924684, 38.832079543607698 ], [ -77.051957590692794, 38.832242543621398 ], [ -77.051897590638404, 38.832251543505699 ], [ -77.051859591097397, 38.832264543880399 ], [ -77.051805591384607, 38.832296542524603 ], [ -77.051759591188898, 38.832334543809601 ], [ -77.051701591215206, 38.832430542740902 ], [ -77.051675590724599, 38.8324705431558 ], [ -77.051568591252007, 38.832414543761502 ], [ -77.051501590459395, 38.832393543578398 ], [ -77.051393590580105, 38.832385542596697 ], [ -77.051308590901002, 38.832389543236701 ], [ -77.0510615907952, 38.832408543948901 ], [ -77.049835589921997, 38.832507543061503 ], [ -77.049778588658, 38.832122543989399 ], [ -77.049728589936905, 38.831784544062899 ], [ -77.049704590727899, 38.8315705429671 ], [ -77.049715589628605, 38.831393542286698 ], [ -77.049732590064494, 38.831232542832602 ], [ -77.049755589963794, 38.831053543465501 ], [ -77.049797590512895, 38.8308185422162 ], [ -77.049826590625898, 38.830696543766997 ], [ -77.049848590385906, 38.8305605426658 ], [ -77.0498595901052, 38.830407543371102 ], [ -77.049856590650194, 38.830278542793103 ], [ -77.049840588492202, 38.830098542480499 ], [ -77.049769589671001, 38.829534542422699 ], [ -77.0497585901538, 38.829384542605602 ], [ -77.049752588479905, 38.8293595426276 ], [ -77.048091587771594, 38.829481542828901 ], [ -77.048079587607305, 38.828969542052498 ], [ -77.0480295874858, 38.828419541772902 ], [ -77.047895588195999, 38.827777542484498 ], [ -77.0477005879534, 38.827091542143997 ], [ -77.047634587894393, 38.826823541579401 ], [ -77.047579587204098, 38.826579540702099 ], [ -77.047564588049596, 38.826420541818003 ], [ -77.047557587576904, 38.826235541240898 ], [ -77.047561587397695, 38.825892541063702 ], [ -77.047575587740198, 38.825729540453501 ], [ -77.047590587656401, 38.825575541043598 ], [ -77.047612587904894, 38.825437540949601 ], [ -77.047630587620503, 38.825305540352502 ], [ -77.047674587878802, 38.825109540501302 ], [ -77.047733587125407, 38.824854540658201 ], [ -77.047801587785102, 38.824864540417103 ], [ -77.047868587847503, 38.824870541024701 ], [ -77.047953587173197, 38.824871540574499 ], [ -77.048073587402499, 38.824864540183597 ], [ -77.049121587906797, 38.8247835407305 ], [ -77.049335588669507, 38.824761540793098 ], [ -77.0494745886987, 38.824732540066798 ], [ -77.049553588833703, 38.824697540499002 ], [ -77.049593589767099, 38.824662540867301 ], [ -77.049923589633096, 38.824633540607799 ], [ -77.050017588905703, 38.824620540013697 ], [ -77.049940588551195, 38.823856540341502 ], [ -77.049823588454103, 38.822817540170298 ], [ -77.049814589798899, 38.822696539583802 ], [ -77.049832589265606, 38.8226245404908 ], [ -77.049815589492297, 38.822537540403502 ], [ -77.049542588231802, 38.8211425392699 ], [ -77.0495155881448, 38.820607539212197 ] ] ] } },
{ "type": "Feature", "properties": { "OBJECTID": 35, "ZIPCODE": 22302, "GlobalID": "c7c0913b-aca8-4ad3-a9f7-3718c560e5f3", "Shape__Area": 59563856.5546875, "Shape__Length": 77806.392542424495 }, "geometry": { "type": "MultiPolygon", "coordinates": [ [ [ [ -77.106565623974902, 38.832452538739801 ], [ -77.105735623693107, 38.832695538682302 ], [ -77.105676625601703, 38.832753539762301 ], [ -77.105451842257295, 38.8332812348076 ], [ -77.1041916232452, 38.836239540292297 ], [ -77.104288624172895, 38.836314540699298 ], [ -77.104517624771901, 38.836491540673698 ], [ -77.1046666240983, 38.8365975415565 ], [ -77.104794625607795, 38.836681542026497 ], [ -77.105020624051605, 38.836803541358499 ], [ -77.105100625162606, 38.836832540393999 ], [ -77.105222623878106, 38.836865540443803 ], [ -77.105254624469197, 38.836873541817901 ], [ -77.105474624605705, 38.836920541920499 ], [ -77.106087625813601, 38.837000541702601 ], [ -77.106176624881101, 38.837013540675201 ], [ -77.106318624414001, 38.837034541369597 ], [ -77.106271625374603, 38.837296541887902 ], [ -77.106192624893296, 38.8377475417374 ], [ -77.106168624467799, 38.8378855417522 ], [ -77.106095625708605, 38.838193541027103 ], [ -77.106043625365004, 38.838357542169 ], [ -77.105977626384998, 38.838487542065501 ], [ -77.105862624161404, 38.838645542323597 ], [ -77.105812624842699, 38.838695541836998 ], [ -77.105662624152501, 38.838781541653702 ], [ -77.105549624093101, 38.838846542013101 ], [ -77.105170623930704, 38.839061541955402 ], [ -77.105077623975106, 38.839115542066899 ], [ -77.105025624270397, 38.839054541879896 ], [ -77.104706625084205, 38.8387115419022 ], [ -77.104642625177405, 38.838644541835897 ], [ -77.104496623976303, 38.838501542453201 ], [ -77.104109623375507, 38.838158542157402 ], [ -77.1037246235216, 38.837889541777599 ], [ -77.103419623149705, 38.8377015409622 ], [ -77.103038623701806, 38.837473541893303 ], [ -77.1025606233178, 38.837253542055898 ], [ -77.102152623292, 38.837047541256503 ], [ -77.1019756226232, 38.836810542266399 ], [ -77.101778622708395, 38.836673542085499 ], [ -77.101584623166005, 38.836547540911603 ], [ -77.101199622132299, 38.836306541405698 ], [ -77.100859622443707, 38.836069541201901 ], [ -77.100735622420302, 38.835959540436797 ], [ -77.100666622819205, 38.835884541148197 ], [ -77.100605621707203, 38.835803540486502 ], [ -77.100514621827699, 38.835610540516399 ], [ -77.1004946207036, 38.8355145405135 ], [ -77.100490620611396, 38.835391540769002 ], [ -77.100492622042907, 38.835282541204599 ], [ -77.100494621540506, 38.835190541558099 ], [ -77.100528621202002, 38.835064540696798 ], [ -77.100621620969505, 38.834763540883003 ], [ -77.100670620683104, 38.834618540390998 ], [ -77.100705622187107, 38.834458540710003 ], [ -77.100721620503805, 38.834356540774699 ], [ -77.100734621148007, 38.834237540285699 ], [ -77.100725620654302, 38.8341545405547 ], [ -77.1007126220549, 38.834084540650899 ], [ -77.100122621028405, 38.834251540493398 ], [ -77.099653620571402, 38.834386540785196 ], [ -77.098326619720197, 38.834764540437099 ], [ -77.098142620297494, 38.834817541068901 ], [ -77.097987619649501, 38.834850540864601 ], [ -77.097961621591097, 38.8348545404207 ], [ -77.097863744639696, 38.834881514896303 ], [ -77.097762961120495, 38.834822510609598 ], [ -77.097350086915895, 38.834571823178003 ], [ -77.096926898188997, 38.834308635536502 ], [ -77.096511664933402, 38.834047697416203 ], [ -77.0964929005236, 38.834034981397402 ], [ -77.096413710250999, 38.833978447762703 ], [ -77.096001397062096, 38.833696197465898 ], [ -77.095758896734907, 38.833529885196498 ], [ -77.094976897106804, 38.8329410720537 ], [ -77.094576708759504, 38.832637912872698 ], [ -77.094425617777702, 38.832520540741001 ], [ -77.092732616296601, 38.831203540072401 ], [ -77.092719615714202, 38.831192539472099 ], [ -77.090300615406093, 38.829217539533303 ], [ -77.090285614861997, 38.829206538950999 ], [ -77.087935612868804, 38.827465538987497 ], [ -77.087809612857299, 38.827372538613403 ], [ -77.087493613679896, 38.8275465387566 ], [ -77.087299612141507, 38.827671539168399 ], [ -77.086990611861395, 38.827906539011003 ], [ -77.086934612704795, 38.827957539574399 ], [ -77.086732612238706, 38.828127538858602 ], [ -77.086539611741699, 38.828355539394998 ], [ -77.086285611661793, 38.828714538883901 ], [ -77.086269383969693, 38.828743905339302 ], [ -77.086219452888997, 38.828726383999097 ], [ -77.086048267128703, 38.8290415088454 ], [ -77.085924266467799, 38.829278885201703 ], [ -77.085628953321702, 38.829834196880199 ], [ -77.085574328044402, 38.829935134944698 ], [ -77.085545077967495, 38.829991071900302 ], [ -77.085519453677904, 38.830047072370398 ], [ -77.085493766103795, 38.830103009005398 ], [ -77.085468078381396, 38.830159009600102 ], [ -77.085445891481598, 38.830216447955998 ], [ -77.085423702369397, 38.830273821412298 ], [ -77.085404953598001, 38.830331259757997 ], [ -77.085386328066093, 38.8303886968828 ], [ -77.0853563277593, 38.830487197286502 ], [ -77.085341141475695, 38.830541946886001 ], [ -77.085329578726302, 38.830596759983401 ], [ -77.085314454060196, 38.830652823003803 ], [ -77.085306328265503, 38.8307076982505 ], [ -77.085294703351707, 38.830762448428203 ], [ -77.085286579344498, 38.830818634574598 ], [ -77.085278453582802, 38.8308734476526 ], [ -77.085273828702697, 38.830929698501699 ], [ -77.085269202608501, 38.830986010599901 ], [ -77.085264639469997, 38.831040822475401 ], [ -77.085263516085107, 38.831097135352998 ], [ -77.085272328111401, 38.831540696675503 ], [ -77.085281141868606, 38.831982947991001 ], [ -77.085240016407496, 38.832112885269702 ], [ -77.085238267134002, 38.832199323714903 ], [ -77.085279077949295, 38.833158197824098 ], [ -77.085295578254104, 38.833568948068198 ], [ -77.085308328494307, 38.833812137059397 ], [ -77.085297828855502, 38.833990509961097 ], [ -77.085305391365097, 38.834140323391701 ], [ -77.085307203136594, 38.834225448793603 ], [ -77.085309078883, 38.834309198316198 ], [ -77.0853038918236, 38.834394262775902 ], [ -77.085302265851297, 38.834478010628303 ], [ -77.085298265585806, 38.834501323092297 ], [ -77.085293578778604, 38.834561699492298 ], [ -77.085284829009893, 38.834646698477798 ], [ -77.0852802666938, 38.8347015742862 ], [ -77.085276265843106, 38.834728949116197 ], [ -77.085272204399601, 38.834757762029497 ], [ -77.085268141372794, 38.834785135208499 ], [ -77.085264079350495, 38.834812574168502 ], [ -77.085256453473505, 38.834839948545799 ], [ -77.085248954342504, 38.834867262284902 ], [ -77.085241391737995, 38.834894698688203 ], [ -77.085233766959803, 38.834922074878897 ], [ -77.085226266640106, 38.834949448064499 ], [ -77.085215203519198, 38.834976761183398 ], [ -77.085207641543704, 38.835002761480602 ], [ -77.085196578407604, 38.835030074597398 ], [ -77.0851855170487, 38.835056011086003 ], [ -77.085174453895903, 38.835083324200397 ], [ -77.085159891869196, 38.835109261731603 ], [ -77.085005640321995, 38.835454761707297 ], [ -77.084920765899895, 38.835662449296798 ], [ -77.084872204614101, 38.835810199447899 ], [ -77.084845953298597, 38.835897762278798 ], [ -77.0848231409568, 38.835984010642598 ], [ -77.084800391314801, 38.836071575140799 ], [ -77.084781140602999, 38.836157823194696 ], [ -77.084761828130098, 38.836245448949597 ], [ -77.084726078423401, 38.836456512653697 ], [ -77.084705829359606, 38.836593512551197 ], [ -77.084685516178098, 38.836731949581001 ], [ -77.084672203566797, 38.836871887312903 ], [ -77.084662516635703, 38.837010450669702 ], [ -77.084652766343595, 38.837149012356498 ], [ -77.084642453827598, 38.837313637077898 ], [ -77.084640453919306, 38.837415200205598 ], [ -77.084638454565805, 38.8375181372827 ], [ -77.084639891269006, 38.837621200481898 ], [ -77.084641390975904, 38.837722762558798 ], [ -77.084649953471398, 38.837825950423401 ], [ -77.084669883715307, 38.838189737463601 ], [ -77.084669611947703, 38.838191544189797 ], [ -77.084646611830905, 38.838325543132797 ], [ -77.084631612607495, 38.838410543227297 ], [ -77.084625612532093, 38.838547542802203 ], [ -77.084673612407798, 38.838555542726802 ], [ -77.084706382735703, 38.838655670950899 ], [ -77.084707140823099, 38.838664139086298 ], [ -77.084730266618294, 38.838915638074702 ], [ -77.0848012671497, 38.839053825564299 ], [ -77.0848864668109, 38.839221191092697 ], [ -77.084887612485005, 38.839225542966197 ], [ -77.084936612072497, 38.839320543075701 ], [ -77.084954612170804, 38.839379544183302 ], [ -77.084987612693794, 38.839534544553104 ], [ -77.085007022184101, 38.839633209715103 ], [ -77.085039856002297, 38.839803401618397 ], [ -77.085065612842996, 38.839939543391601 ], [ -77.085115613157797, 38.8402005432213 ], [ -77.0851346125867, 38.840304543311099 ], [ -77.085162613190406, 38.840440543612402 ], [ -77.085198612545099, 38.840629543912598 ], [ -77.084936612193701, 38.8408715439612 ], [ -77.084385612942597, 38.841411544802398 ], [ -77.084250612225205, 38.841544545010997 ], [ -77.083973612802694, 38.841837544804399 ], [ -77.083605612178005, 38.842186545164502 ], [ -77.083400612094593, 38.842411544956597 ], [ -77.082869612360298, 38.842983545707398 ], [ -77.082769611483997, 38.843094544928597 ], [ -77.082605611624203, 38.843059545876301 ], [ -77.082451611339394, 38.843225546028002 ], [ -77.082304611897996, 38.843204546261099 ], [ -77.0821566112851, 38.843184545077797 ], [ -77.082005610903707, 38.843342546249097 ], [ -77.081955612202606, 38.843399546056197 ], [ -77.080813609875094, 38.843202545497199 ], [ -77.080674610042706, 38.843178545650801 ], [ -77.080589610122104, 38.843163545924803 ], [ -77.080147609591904, 38.843087545179401 ], [ -77.079306609463998, 38.842941544998702 ], [ -77.078923609005102, 38.8428555450472 ], [ -77.078371608455498, 38.842821545828102 ], [ -77.078041608930803, 38.842801545019903 ], [ -77.074841606340897, 38.842254545683403 ], [ -77.074864606457496, 38.842215545411698 ], [ -77.074991605853299, 38.842012545086199 ], [ -77.075092607137094, 38.841896545297999 ], [ -77.075305605885802, 38.841752544794403 ], [ -77.075401606228397, 38.8416955447912 ], [ -77.075547606048502, 38.841624545337503 ], [ -77.075685608238103, 38.8415855449296 ], [ -77.075804607412095, 38.8415575450041 ], [ -77.075942606965498, 38.841541545467202 ], [ -77.076096607404097, 38.841536544948703 ], [ -77.076230608279005, 38.841543545516998 ], [ -77.076394606747698, 38.841567544868496 ], [ -77.0766226073995, 38.841610545416401 ], [ -77.076842607446594, 38.841673545054597 ], [ -77.077203608885597, 38.841669545459801 ], [ -77.077323606984294, 38.841673545160397 ], [ -77.0774776087258, 38.8416685446456 ], [ -77.077699608607006, 38.8416395450053 ], [ -77.077791607710296, 38.841625545470599 ], [ -77.077903608574104, 38.841598545172701 ], [ -77.078190608483396, 38.841498544606999 ], [ -77.078282608844006, 38.841456545054299 ], [ -77.078374608767106, 38.8414055449581 ], [ -77.078495608751695, 38.8413295451425 ], [ -77.078584609259806, 38.841264544771001 ], [ -77.078695608783704, 38.8411645449291 ], [ -77.078781609162206, 38.841077544779203 ], [ -77.078867609363201, 38.840968545224598 ], [ -77.0789656095792, 38.840810545095003 ], [ -77.079020608643503, 38.840692544424002 ], [ -77.079058609243702, 38.840566544744199 ], [ -77.079104609542398, 38.8403555446735 ], [ -77.0791376092142, 38.840145544916801 ], [ -77.079158609264894, 38.839787544427601 ], [ -77.079154608447595, 38.839426544724198 ], [ -77.079167608492398, 38.838809543686502 ], [ -77.0788186092377, 38.838524543268001 ], [ -77.078683608602603, 38.838407544814501 ], [ -77.078566608756205, 38.838296543783898 ], [ -77.0783736081992, 38.838105543166002 ], [ -77.078277608292197, 38.8380045435459 ], [ -77.078201608077705, 38.8379015436564 ], [ -77.078123607908097, 38.837779543707299 ], [ -77.078027608329293, 38.837644542973401 ], [ -77.077956608019207, 38.837501543706701 ], [ -77.0778656071776, 38.837326543608903 ], [ -77.077815608511699, 38.837188543106102 ], [ -77.077762608029005, 38.837035543243999 ], [ -77.077717606876703, 38.836831542979603 ], [ -77.0776866085357, 38.836608542891199 ], [ -77.077671608274102, 38.836471543023599 ], [ -77.077658607406207, 38.836255543352301 ], [ -77.077679606507303, 38.836070542921398 ], [ -77.077528608338099, 38.836070542759799 ], [ -77.076542606878505, 38.836037543086199 ], [ -77.076352607501605, 38.836068543042302 ], [ -77.076092606471803, 38.836087543296003 ], [ -77.075952605720701, 38.836082542722799 ], [ -77.075839606464598, 38.836075543379302 ], [ -77.0755666060615, 38.836035542835198 ], [ -77.075322606420499, 38.835987542789397 ], [ -77.074954605994506, 38.835911543378003 ], [ -77.0747526051547, 38.835862542982902 ], [ -77.074685605338701, 38.835844542832902 ], [ -77.074633605998997, 38.835838543474999 ], [ -77.074496605927195, 38.835831543255999 ], [ -77.0745236053978, 38.835777543030503 ], [ -77.074195604991601, 38.835421543415897 ], [ -77.072999604479406, 38.835293543069703 ], [ -77.073035604347794, 38.834453543198997 ], [ -77.072919603715306, 38.834454542790503 ], [ -77.072786604231197, 38.834425542937502 ], [ -77.072562603168393, 38.834380542552999 ], [ -77.072725604127896, 38.833961541608303 ], [ -77.072752605054504, 38.833842542729101 ], [ -77.072760605076198, 38.833787542411201 ], [ -77.0727616051241, 38.833728542337603 ], [ -77.072749605102999, 38.833661542298998 ], [ -77.072719603620897, 38.833582542512801 ], [ -77.072648603510999, 38.833406541518897 ], [ -77.072444604880602, 38.832935541820802 ], [ -77.072360604916497, 38.832740541805599 ], [ -77.072316603842495, 38.832644542735999 ], [ -77.072262604136299, 38.832550541945899 ], [ -77.072135603405997, 38.832398541728303 ], [ -77.072065604516297, 38.832350541520597 ], [ -77.072000603487695, 38.832310541258501 ], [ -77.0717846025141, 38.832186542166802 ], [ -77.071636603838002, 38.832075541271202 ], [ -77.071497602520594, 38.831961541417002 ], [ -77.071332602757394, 38.831801541291298 ], [ -77.071274603038106, 38.831730541235999 ], [ -77.071444604420705, 38.831643541806898 ], [ -77.071692604035803, 38.831071541074301 ], [ -77.0734386044263, 38.830104541173696 ], [ -77.073351604901205, 38.829864540610501 ], [ -77.073655604625401, 38.829735541069503 ], [ -77.073921604701098, 38.8296275414448 ], [ -77.074062604767406, 38.829584541471 ], [ -77.074228604888603, 38.829545539861101 ], [ -77.073977604224496, 38.828904540300798 ], [ -77.069557601186304, 38.829524541521998 ], [ -77.067085599091698, 38.8304295416646 ], [ -77.066447599368601, 38.830116541768199 ], [ -77.066431600929803, 38.830052541827101 ], [ -77.068047601630298, 38.8293115406833 ], [ -77.069510601833102, 38.828990540416598 ], [ -77.069445601510296, 38.828201540520602 ], [ -77.068939601148301, 38.827940539647003 ], [ -77.0680146004172, 38.827902540127802 ], [ -77.067318600360494, 38.827821540153003 ], [ -77.065889598857893, 38.827483540303902 ], [ -77.065896599432804, 38.827289539951302 ], [ -77.065871599185499, 38.8271625397742 ], [ -77.065848598888095, 38.827078540370003 ], [ -77.065604598879602, 38.826463540094302 ], [ -77.065519598387098, 38.8261215399842 ], [ -77.065478598659396, 38.825905539869098 ], [ -77.065372598533301, 38.8254015401873 ], [ -77.065301598676896, 38.825085539492399 ], [ -77.065254597870293, 38.824836539626098 ], [ -77.065210598813394, 38.824567538323002 ], [ -77.065204598575505, 38.824483539359399 ], [ -77.065202598362603, 38.824419540011696 ], [ -77.065207598326097, 38.8243385396745 ], [ -77.065231597864596, 38.824221539802302 ], [ -77.065268598622495, 38.824094538831702 ], [ -77.065651598320599, 38.8241145398502 ], [ -77.065847598853793, 38.824122539370101 ], [ -77.066170599118706, 38.824131539930001 ], [ -77.066303599017701, 38.824118538876597 ], [ -77.066423599261896, 38.8241085394057 ], [ -77.066589599903295, 38.8240795393301 ], [ -77.066789599389907, 38.824041539311402 ], [ -77.066906599438695, 38.824009539270698 ], [ -77.067195599916701, 38.823942538129103 ], [ -77.067512600153094, 38.823873538313499 ], [ -77.067735600949504, 38.823822538330603 ], [ -77.067893600037806, 38.823791539551102 ], [ -77.068196599512305, 38.823761538666901 ], [ -77.068470599198207, 38.823735538437901 ], [ -77.068670600873006, 38.823734538298098 ], [ -77.068888601265002, 38.823744538127499 ], [ -77.069308601673001, 38.823793538669797 ], [ -77.069371601582503, 38.8238085382036 ], [ -77.069338600032296, 38.8233165381478 ], [ -77.069321601271298, 38.8231375385947 ], [ -77.069312601114504, 38.823052538374199 ], [ -77.069327600161301, 38.823011537783799 ], [ -77.069359601555604, 38.822981537898201 ], [ -77.069405601535095, 38.822969538526301 ], [ -77.069433601118106, 38.822968538358303 ], [ -77.069454601062802, 38.822969538557402 ], [ -77.069514601559902, 38.822983538341298 ], [ -77.069541601503104, 38.822992538251299 ], [ -77.0695596006626, 38.823015538258801 ], [ -77.0695786011335, 38.823084537808697 ], [ -77.069601600781297, 38.823189538627602 ], [ -77.069648601517301, 38.823442538709799 ], [ -77.069688601396805, 38.823569538064099 ], [ -77.069712600922003, 38.823620538914398 ], [ -77.069739601339805, 38.823642538627603 ], [ -77.069704601407196, 38.8233545378042 ], [ -77.069694601206194, 38.823221538882798 ], [ -77.069685600816001, 38.823115538384599 ], [ -77.069513601371398, 38.822327537759001 ], [ -77.069518601158194, 38.822306538029999 ], [ -77.069520600432696, 38.822286537819103 ], [ -77.068610599589704, 38.8223425384747 ], [ -77.068537599093801, 38.821609537823797 ], [ -77.068513600256296, 38.8213955380103 ], [ -77.0684685994094, 38.821026537794801 ], [ -77.0684155988436, 38.821030537407701 ], [ -77.0682436000575, 38.821014538053497 ], [ -77.068156598974895, 38.820991537344497 ], [ -77.068069600842705, 38.820944537905497 ], [ -77.067556600474504, 38.820626536675903 ], [ -77.067501600307196, 38.820245536614699 ], [ -77.067430600172699, 38.8197105365997 ], [ -77.067422598822006, 38.8196225364388 ], [ -77.067267598302394, 38.818572536118801 ], [ -77.067256598150195, 38.818426536411899 ], [ -77.067194598589296, 38.8183925368403 ], [ -77.066492598142005, 38.818029536129302 ], [ -77.066672598253106, 38.817772536782201 ], [ -77.066780598092294, 38.817632535901403 ], [ -77.066882598588506, 38.817477536434502 ], [ -77.066958598872702, 38.817373535902099 ], [ -77.067015598282396, 38.8173125364724 ], [ -77.067076598041396, 38.817261536010399 ], [ -77.067140598608702, 38.8172295363537 ], [ -77.067203598801299, 38.817202536456698 ], [ -77.067313598412795, 38.817176536561199 ], [ -77.0674575988497, 38.817161536098197 ], [ -77.067748598491903, 38.817162536151599 ], [ -77.068399598829302, 38.816920536241902 ], [ -77.068763598634803, 38.816776535610401 ], [ -77.068915600035197, 38.816726536090798 ], [ -77.069034600564393, 38.816683536154699 ], [ -77.069209600627204, 38.8166195348117 ], [ -77.069072599386701, 38.816447535089303 ], [ -77.068986599375705, 38.8163165352953 ], [ -77.068940599271201, 38.816248536022002 ], [ -77.068881600540394, 38.816162535682103 ], [ -77.068672600058903, 38.8158815345977 ], [ -77.068655598794905, 38.815849536117398 ], [ -77.068611599040295, 38.815799535146603 ], [ -77.068549599109005, 38.815722535484397 ], [ -77.0685155989446, 38.815665536224103 ], [ -77.068475598756095, 38.815583535234602 ], [ -77.068466599990899, 38.8154645345654 ], [ -77.069785600349704, 38.815362535382299 ], [ -77.070147600152694, 38.815344534369103 ], [ -77.070202600396399, 38.815374535182499 ], [ -77.070237600202304, 38.8154105358675 ], [ -77.070867600598007, 38.815305535068099 ], [ -77.071153601250003, 38.815224535797903 ], [ -77.071746601832501, 38.815059534759001 ], [ -77.072035600983199, 38.81499153459 ], [ -77.072106601041796, 38.8149675350314 ], [ -77.072376601979897, 38.8147845347724 ], [ -77.0721436017228, 38.814573534927 ], [ -77.071752601467693, 38.814217534414901 ], [ -77.071555600899103, 38.8140605341924 ], [ -77.071701601023804, 38.813968534848499 ], [ -77.071765601476599, 38.813935534446699 ], [ -77.071814601546706, 38.813917534305297 ], [ -77.071867601109801, 38.813906534590203 ], [ -77.072416601588202, 38.813860534222798 ], [ -77.072385601027605, 38.813640534065399 ], [ -77.072251601720197, 38.812802533899301 ], [ -77.072232601432702, 38.812695534151302 ], [ -77.072159601354997, 38.812310533646396 ], [ -77.072094601573198, 38.812016534060902 ], [ -77.072064601197596, 38.811939532820503 ], [ -77.072030601432303, 38.811885533824601 ], [ -77.071927601404496, 38.811788532991699 ], [ -77.071878601489402, 38.811758533898598 ], [ -77.071840600713799, 38.811744533588303 ], [ -77.071787600958203, 38.811731533637101 ], [ -77.071731600777298, 38.811724533534203 ], [ -77.071541601286199, 38.811722533049497 ], [ -77.071545600423505, 38.8112375336759 ], [ -77.072453601366107, 38.8108335332984 ], [ -77.073004601051295, 38.811153532561498 ], [ -77.072641601334496, 38.812630533445102 ], [ -77.073053601865695, 38.813052533738301 ], [ -77.073309601778007, 38.813316534502 ], [ -77.073481602005899, 38.812574533901298 ], [ -77.0752786038544, 38.811712533604201 ], [ -77.075222602450594, 38.811625534006502 ], [ -77.0751576022367, 38.811546532783503 ], [ -77.074933603134099, 38.811341532640199 ], [ -77.074771602848699, 38.811210532813298 ], [ -77.075309602168701, 38.811097533787702 ], [ -77.075315602195403, 38.811108532522297 ], [ -77.075374603363002, 38.811198533555803 ], [ -77.075392603045501, 38.811228534068597 ], [ -77.075398603809106, 38.811254532798699 ], [ -77.075397602385294, 38.811279533838601 ], [ -77.075401604042995, 38.8113235327897 ], [ -77.075407602479601, 38.8113495332924 ], [ -77.075414603056601, 38.8113655327546 ], [ -77.075440602995499, 38.811384532441402 ], [ -77.075480602240106, 38.811411533193301 ], [ -77.075493602393706, 38.811422534022199 ], [ -77.075519603343395, 38.811464534168799 ], [ -77.075536602987398, 38.811510533375397 ], [ -77.075546604056697, 38.811559532477098 ], [ -77.0755506040244, 38.811592532547103 ], [ -77.075552602898796, 38.811624532587999 ], [ -77.075549603369097, 38.811641534119303 ], [ -77.0755386034308, 38.811679532562302 ], [ -77.075555602608702, 38.811718533143903 ], [ -77.075588603448296, 38.811766533921698 ], [ -77.075609603490406, 38.811826532958499 ], [ -77.075626604020599, 38.8118875330469 ], [ -77.075676603668697, 38.811954533171601 ], [ -77.075717603777207, 38.812018533762 ], [ -77.075732603847399, 38.812058532627702 ], [ -77.075745603936994, 38.812088532748 ], [ -77.0757536035659, 38.812120532647697 ], [ -77.075755604043806, 38.812146534145903 ], [ -77.075766603337797, 38.812183532913402 ], [ -77.075768603857796, 38.812209532609501 ], [ -77.075785604312401, 38.812253533461401 ], [ -77.075804603629905, 38.812307533938998 ], [ -77.075825603776295, 38.812386534050702 ], [ -77.075830602872998, 38.812444534195002 ], [ -77.0758496039969, 38.812514533827802 ], [ -77.075868604227196, 38.812574533754997 ], [ -77.075872602773899, 38.812618533535698 ], [ -77.075852604031397, 38.812663534001999 ], [ -77.075860603789806, 38.812695532989203 ], [ -77.075882604555304, 38.812734532954302 ], [ -77.075885604075793, 38.812776533101903 ], [ -77.075909604338506, 38.812818534082702 ], [ -77.075910602389996, 38.812865533655298 ], [ -77.075923604518294, 38.812906534421501 ], [ -77.0759516040996, 38.8129535337753 ], [ -77.075979604411003, 38.8130115328782 ], [ -77.076012602564901, 38.813064533774003 ], [ -77.076035604611207, 38.813106534321498 ], [ -77.076082604240398, 38.813165534297099 ], [ -77.076154604358194, 38.813251533816597 ], [ -77.076226603806603, 38.813345533750898 ], [ -77.076292604733993, 38.813440533884901 ], [ -77.076384603817402, 38.813538534272602 ], [ -77.076425603897505, 38.8135995343969 ], [ -77.076473603733405, 38.813658533723697 ], [ -77.076534604810504, 38.813764534054997 ], [ -77.076537603314605, 38.813793534296103 ], [ -77.076568604192701, 38.8138185343686 ], [ -77.076581604949993, 38.8138485343841 ], [ -77.076623604508498, 38.813887534453897 ], [ -77.076662604478898, 38.813949534605797 ], [ -77.076657604041003, 38.813979534266402 ], [ -77.076650604169899, 38.813996534135399 ], [ -77.0766456048094, 38.814012533888402 ], [ -77.0766586028452, 38.814044533977402 ], [ -77.0766776047859, 38.8140685343526 ], [ -77.076722604673293, 38.814120534602402 ], [ -77.076814604935194, 38.814128533867098 ], [ -77.076934605086294, 38.814138534024998 ], [ -77.076977604859806, 38.814137533839798 ], [ -77.077019604109395, 38.814140534352198 ], [ -77.0782316057157, 38.814219533728902 ], [ -77.078263605276106, 38.814220534133199 ], [ -77.078449605613798, 38.814230534224997 ], [ -77.078624605332905, 38.814228534299602 ], [ -77.078867605059102, 38.814232533743599 ], [ -77.079274605927793, 38.814228534289001 ], [ -77.080169606313703, 38.814203533732602 ], [ -77.080591605601199, 38.814189534043898 ], [ -77.080826607115299, 38.814183533900902 ], [ -77.081082606056697, 38.814210534158804 ], [ -77.081285607183403, 38.814240533788102 ], [ -77.081470607771706, 38.814273533641597 ], [ -77.081645606220903, 38.814318533710498 ], [ -77.081896608047202, 38.814393534005397 ], [ -77.082297607612702, 38.814522533960201 ], [ -77.082348608604306, 38.814217533491501 ], [ -77.085237609449905, 38.814770534081497 ], [ -77.087480611232294, 38.816090535080001 ], [ -77.087239611104593, 38.816695534441997 ], [ -77.087859611981102, 38.816921534490398 ], [ -77.088347612273395, 38.817098534227299 ], [ -77.088821612009198, 38.817265534138599 ], [ -77.088897612354003, 38.817288534980101 ], [ -77.088919612337904, 38.817295534165197 ], [ -77.089016612195707, 38.817322534523797 ], [ -77.089107612414196, 38.817346534567903 ], [ -77.089177612429793, 38.817361533803897 ], [ -77.089236612139103, 38.817377534134401 ], [ -77.089492612616795, 38.817422533988299 ], [ -77.089555612436399, 38.817431535003401 ], [ -77.089444612104302, 38.8184465355219 ], [ -77.089406612303605, 38.818757534707899 ], [ -77.089359612554702, 38.819184534791198 ], [ -77.089257612556693, 38.820046535449301 ], [ -77.089237612964993, 38.820216535910298 ], [ -77.089154612504998, 38.821013536825298 ], [ -77.089054612591397, 38.821858535791399 ], [ -77.089033613237305, 38.822015536939602 ], [ -77.089016612224199, 38.822143536821301 ], [ -77.088978612724702, 38.822477536905602 ], [ -77.089329613448797, 38.822516536419897 ], [ -77.089763613476805, 38.822546536351197 ], [ -77.090114614261694, 38.822576535721801 ], [ -77.090660614936297, 38.822618536192898 ], [ -77.090881614021498, 38.822636536128002 ], [ -77.091298613873306, 38.822666537041101 ], [ -77.091554614950695, 38.822674537311698 ], [ -77.091604615079703, 38.822670536286303 ], [ -77.091635615568293, 38.822666536049098 ], [ -77.091752614406701, 38.8226365367086 ], [ -77.091950615644805, 38.822569536028702 ], [ -77.092162615007396, 38.822473535619203 ], [ -77.092615615366, 38.822500536557797 ], [ -77.092818616004095, 38.822503536898999 ], [ -77.092956615015197, 38.822491536901701 ], [ -77.093128615615896, 38.822476536110798 ], [ -77.093131615698795, 38.822846536149299 ], [ -77.093132615537201, 38.8229235369636 ], [ -77.093136615581599, 38.823274537119403 ], [ -77.093156616314999, 38.823730537398902 ], [ -77.093166615796804, 38.823897537393698 ], [ -77.093205615751998, 38.824062537178897 ], [ -77.093232616248599, 38.824311537230798 ], [ -77.0932596161406, 38.824527537292198 ], [ -77.092074615886901, 38.824662537327796 ], [ -77.091912614874602, 38.824679536901002 ], [ -77.0917576152859, 38.824692537171103 ], [ -77.091156613780001, 38.824755536933402 ], [ -77.090002614119896, 38.824881537357903 ], [ -77.088841612658896, 38.825001537457098 ], [ -77.088686613184905, 38.825010537975103 ], [ -77.088512614178001, 38.826370537571997 ], [ -77.088489613008704, 38.826525538627202 ], [ -77.088467612507998, 38.826667538398503 ], [ -77.088435614225602, 38.826828538749403 ], [ -77.088406613164906, 38.826910538468198 ], [ -77.088339613976103, 38.827006538625 ], [ -77.088791612549599, 38.827027538894399 ], [ -77.089328612972196, 38.827053538741403 ], [ -77.089921614183694, 38.8270975387899 ], [ -77.090460615034104, 38.827144537878901 ], [ -77.091137613512004, 38.8271755390005 ], [ -77.092008615347098, 38.827237538520599 ], [ -77.092752615833902, 38.827292539008802 ], [ -77.093330616627995, 38.8273345382012 ], [ -77.093980616731002, 38.827390537529503 ], [ -77.095425618447294, 38.827513538902998 ], [ -77.096377618563494, 38.827619537934503 ], [ -77.097004617534694, 38.827701537698097 ], [ -77.097098617274895, 38.827715538708503 ], [ -77.097144618590406, 38.827909538320398 ], [ -77.097612619049201, 38.828104537247903 ], [ -77.097771619247894, 38.829025538781103 ], [ -77.098411619430294, 38.832722540038702 ], [ -77.098475619941098, 38.832660539911799 ], [ -77.098625619714099, 38.832532539859997 ], [ -77.0987826203758, 38.832411540673 ], [ -77.098864620331099, 38.8323665398717 ], [ -77.098924619665695, 38.832337540253803 ], [ -77.099002620145399, 38.832308540170601 ], [ -77.099083620150907, 38.832281539003503 ], [ -77.099157619807997, 38.832264539418397 ], [ -77.0992426197801, 38.832249539644899 ], [ -77.099298621323896, 38.8322435392339 ], [ -77.099368621674103, 38.832242540343699 ], [ -77.099452620617896, 38.832242539140999 ], [ -77.099536619996897, 38.832248539087502 ], [ -77.099666619822699, 38.8322695399373 ], [ -77.099891621028803, 38.832316540165898 ], [ -77.099752621741104, 38.8316885402485 ], [ -77.099896621743994, 38.831672540250203 ], [ -77.099774621578305, 38.8310335388772 ], [ -77.099666620643703, 38.830690539180303 ], [ -77.099471621396603, 38.8304715390531 ], [ -77.099734621158703, 38.830123538749604 ], [ -77.099727620450693, 38.828100537143101 ], [ -77.100250620213103, 38.828191538473497 ], [ -77.100778622010395, 38.828315537522798 ], [ -77.101028622322801, 38.828394537243597 ], [ -77.101483622487905, 38.828538538652197 ], [ -77.101820622280002, 38.828665538866197 ], [ -77.102393622654702, 38.828877538689802 ], [ -77.102798622315703, 38.8290435387825 ], [ -77.103326623124801, 38.8292395379586 ], [ -77.103779622456599, 38.829420538106298 ], [ -77.104150623473799, 38.829562538562101 ], [ -77.104593624528306, 38.829743538211702 ], [ -77.105269623607398, 38.830077538218397 ], [ -77.106275625261006, 38.830541538434197 ], [ -77.106597623896704, 38.830707538545497 ], [ -77.106872625177104, 38.8308825388985 ], [ -77.106986623997301, 38.830958539039599 ], [ -77.107086626231705, 38.831067538550499 ], [ -77.107196625956504, 38.831172538397702 ], [ -77.107342626226497, 38.831424538361397 ], [ -77.107504625663296, 38.831800538563598 ], [ -77.107592625764298, 38.831991539778102 ], [ -77.107657626143407, 38.832133538624902 ], [ -77.106749947446303, 38.832398694591603 ], [ -77.106565623974902, 38.832452538739801 ] ] ], [ [ [ -77.110586907060906, 38.843585368298903 ], [ -77.1106036286414, 38.843534544063203 ], [ -77.110698628207999, 38.843507543800101 ], [ -77.110803628657393, 38.8434615438265 ], [ -77.110814109331599, 38.843465022975401 ], [ -77.110782784629393, 38.843475074343303 ], [ -77.110601471374096, 38.843589638180802 ], [ -77.110586907060906, 38.843585368298903 ] ] ], [ [ [ -77.107895626314004, 38.833550540292897 ], [ -77.107950626354196, 38.8334455397585 ], [ -77.108289626217498, 38.834070539992602 ], [ -77.108312626196906, 38.8341245396646 ], [ -77.108318626305405, 38.834176540365497 ], [ -77.108318626998297, 38.834220539810097 ], [ -77.108303626591095, 38.834246538884699 ], [ -77.108275626895306, 38.834265539333003 ], [ -77.107589626034596, 38.834475540235303 ], [ -77.107568626483996, 38.834490540485199 ], [ -77.107572626744798, 38.8345075401214 ], [ -77.107643626750104, 38.8346105405777 ], [ -77.107693626711793, 38.834682539917402 ], [ -77.107393626627598, 38.834872540466897 ], [ -77.107068626453795, 38.835119540031201 ], [ -77.107003625821207, 38.835067539945904 ], [ -77.106667624359005, 38.834799540432797 ], [ -77.106895626138893, 38.834616540661102 ], [ -77.107027625484093, 38.834512540099503 ], [ -77.107244626206196, 38.834336540067198 ], [ -77.107261626244707, 38.834320540114199 ], [ -77.107269626553901, 38.8343105399655 ], [ -77.107256624584807, 38.8342695404381 ], [ -77.107178626294896, 38.834139540047097 ], [ -77.107161625511793, 38.834094539703898 ], [ -77.107169624503697, 38.834058540077997 ], [ -77.107198626362106, 38.8340385400221 ], [ -77.1075096265822, 38.833893540242201 ], [ -77.107574625563601, 38.833836540135202 ], [ -77.107895626314004, 38.833550540292897 ] ] ], [ [ [ -77.106757752436096, 38.842043225539697 ], [ -77.106711593354206, 38.8419248252412 ], [ -77.1066589442203, 38.841791516549101 ], [ -77.106638627051893, 38.841739542301298 ], [ -77.106629131226299, 38.841716030276601 ], [ -77.106617841089701, 38.841687447163103 ], [ -77.106685626884698, 38.841656543133901 ], [ -77.107018627102207, 38.841464543078303 ], [ -77.107018678809695, 38.841464490536303 ], [ -77.107018967743102, 38.8414643236869 ], [ -77.107019906473695, 38.841463262704998 ], [ -77.107026626297397, 38.841456543034298 ], [ -77.107028456217904, 38.841451052779803 ], [ -77.107029843522099, 38.841447950178001 ], [ -77.107031697050004, 38.841443143118703 ], [ -77.107037626657103, 38.841430542621602 ], [ -77.107037626316, 38.841409542529298 ], [ -77.107037244492702, 38.841408559573502 ], [ -77.107034280426802, 38.841399949218498 ], [ -77.107030906159096, 38.8413916997782 ], [ -77.107024093469903, 38.841381950904498 ], [ -77.106569467264805, 38.8409262000552 ], [ -77.106469036301405, 38.840829599613997 ], [ -77.106238625893496, 38.840607543533103 ], [ -77.106065626121307, 38.840413543068301 ], [ -77.106089625871505, 38.840402541965297 ], [ -77.106202625622998, 38.840351542649401 ], [ -77.105967626286997, 38.8400975425849 ], [ -77.105854258365696, 38.840185249860298 ], [ -77.105839779673204, 38.840169323980597 ], [ -77.105768467138802, 38.840223323665803 ], [ -77.1050196538596, 38.840813075693497 ], [ -77.104524180127697, 38.840428649935397 ], [ -77.104430624747593, 38.840283543336 ], [ -77.1046036243971, 38.840312542896399 ], [ -77.104864624361497, 38.8403355428458 ], [ -77.105064626172407, 38.840330542118501 ], [ -77.105240624468905, 38.840298542833203 ], [ -77.105375626373899, 38.840247542682299 ], [ -77.105529625937095, 38.8401495424092 ], [ -77.105691626062793, 38.840047542188103 ], [ -77.1058006260713, 38.839976542541002 ], [ -77.105857625702797, 38.8399475424984 ], [ -77.105982624838802, 38.839867542190703 ], [ -77.106078625771204, 38.839805542390998 ], [ -77.106167626109297, 38.839730542548303 ], [ -77.106278625133498, 38.839626542105798 ], [ -77.106333626264203, 38.839520542362997 ], [ -77.106345625767503, 38.839436542092002 ], [ -77.106322626567703, 38.839334542527098 ], [ -77.106268625778398, 38.839232542416099 ], [ -77.106237625736, 38.839194541874498 ], [ -77.106203626440603, 38.839145542120903 ], [ -77.106172625757594, 38.839096541928001 ], [ -77.106156626259306, 38.839042542147702 ], [ -77.106150625638094, 38.838987542134198 ], [ -77.106162626045204, 38.838935542510697 ], [ -77.106277626067794, 38.838400541902502 ], [ -77.108516626875797, 38.838126541981502 ], [ -77.108515627048703, 38.839750542330201 ], [ -77.108146626999002, 38.840570543031902 ], [ -77.107719626980298, 38.841572543308303 ], [ -77.107652626546297, 38.841730543391201 ], [ -77.107899626961597, 38.841678542611497 ], [ -77.108171627194807, 38.841588542273897 ], [ -77.108399626669893, 38.841478543061797 ], [ -77.108604628461094, 38.841364542692297 ], [ -77.108833627881907, 38.841216542810301 ], [ -77.108961628844895, 38.841107542054402 ], [ -77.109118627733395, 38.840945542646899 ], [ -77.109242627877407, 38.840797541902198 ], [ -77.109311628826305, 38.840717542162402 ], [ -77.109495628080893, 38.840483542551901 ], [ -77.1097576288292, 38.840206541990298 ], [ -77.110390629544199, 38.8396025416572 ], [ -77.110900627751704, 38.839202541484397 ], [ -77.111151628710005, 38.839051541519403 ], [ -77.111265629296696, 38.839129541768997 ], [ -77.111383628474101, 38.839259542098098 ], [ -77.111614627809203, 38.839497541672898 ], [ -77.111714629591603, 38.839537541670701 ], [ -77.111864629889297, 38.839575541799299 ], [ -77.112000630171593, 38.839575541976501 ], [ -77.112162629379498, 38.839571542007 ], [ -77.112307630041897, 38.839535542060503 ], [ -77.1126236298267, 38.839428541893597 ], [ -77.112701630257305, 38.839400541785601 ], [ -77.112998629929393, 38.8392995415591 ], [ -77.113305630232304, 38.8391905421472 ], [ -77.113532630632093, 38.839111541645501 ], [ -77.113613630606494, 38.839085541326298 ], [ -77.113659630198001, 38.839079542013501 ], [ -77.113697630752199, 38.8390825414209 ], [ -77.113746630423805, 38.839090542122598 ], [ -77.113791630356502, 38.839110542072099 ], [ -77.113830630529506, 38.8391375417457 ], [ -77.113892629960006, 38.839186541956998 ], [ -77.113967630207696, 38.839267541284102 ], [ -77.114067630709499, 38.839361541760802 ], [ -77.114112630558694, 38.839421541636803 ], [ -77.114143630134606, 38.839471541498298 ], [ -77.114155630805499, 38.839535542011902 ], [ -77.114157631151599, 38.839615541411199 ], [ -77.114138630846199, 38.839686541992798 ], [ -77.114095630025105, 38.839760542217498 ], [ -77.114048630856303, 38.8398105418513 ], [ -77.114006631055801, 38.839843542053202 ], [ -77.113924630754894, 38.839895541949502 ], [ -77.113853630862394, 38.839944541826803 ], [ -77.113796630270002, 38.839991542032003 ], [ -77.113760629902103, 38.840033542244001 ], [ -77.113720629948901, 38.840088541756899 ], [ -77.113694630500007, 38.840162541724197 ], [ -77.113686630169994, 38.840230542276501 ], [ -77.113688630574998, 38.840291541698697 ], [ -77.113704629998594, 38.8403615420061 ], [ -77.113731630510102, 38.840417541857498 ], [ -77.113776629975405, 38.840470541514598 ], [ -77.113821630749399, 38.840515541699801 ], [ -77.113865630559104, 38.8405565415732 ], [ -77.114083630876493, 38.840750541796602 ], [ -77.114338630714798, 38.840968541639597 ], [ -77.114642630647694, 38.841245541748499 ], [ -77.114676631161402, 38.841291542433801 ], [ -77.114717630983904, 38.8413725417306 ], [ -77.114272630920496, 38.841504542088998 ], [ -77.113906630230701, 38.841616542113101 ], [ -77.113733630914993, 38.8416675420156 ], [ -77.113661630697607, 38.841692542375299 ], [ -77.113611630558495, 38.841714542937801 ], [ -77.113538631021399, 38.841750541835303 ], [ -77.113423630209795, 38.841832542163601 ], [ -77.113375630869697, 38.841888542598397 ], [ -77.113327629994401, 38.841960542829803 ], [ -77.113288630562906, 38.842031542128503 ], [ -77.113272630384898, 38.842113542458002 ], [ -77.113267630363495, 38.842198543146303 ], [ -77.113265631025101, 38.842256542908402 ], [ -77.113257630749104, 38.842305542534099 ], [ -77.113195630266603, 38.842442542461399 ], [ -77.113150630548105, 38.8425085426639 ], [ -77.113099630792206, 38.842560542487298 ], [ -77.113016630548699, 38.842622543016297 ], [ -77.112932629998198, 38.842670542737302 ], [ -77.1128526303347, 38.842705543136702 ], [ -77.112778630002595, 38.842730543652998 ], [ -77.112591630390199, 38.842782543158101 ], [ -77.112487629874494, 38.842815543323802 ], [ -77.112371629563398, 38.842847542941001 ], [ -77.111891628847403, 38.842988543563202 ], [ -77.111798630263394, 38.843010543891701 ], [ -77.111708629544395, 38.843024543199 ], [ -77.111630630241706, 38.843032543570096 ], [ -77.111505629476696, 38.843040543790003 ], [ -77.111394629465195, 38.843068543754597 ], [ -77.111281629307399, 38.8430815435865 ], [ -77.111159629884597, 38.843115543206601 ], [ -77.111066629891894, 38.843157542961997 ], [ -77.110961627948001, 38.843199543866 ], [ -77.110890630092499, 38.843245543662803 ], [ -77.110831628210207, 38.843291543941099 ], [ -77.110759628196007, 38.843358543577096 ], [ -77.110675628490796, 38.843435543948303 ], [ -77.110604629047302, 38.843411543937101 ], [ -77.109506628107297, 38.842954543927497 ], [ -77.1092436291637, 38.842834543377499 ], [ -77.109129627800499, 38.842770542818897 ], [ -77.109012627525701, 38.842776543195001 ], [ -77.108532627321296, 38.842460543123003 ], [ -77.108328627304004, 38.842333543109902 ], [ -77.107972626580207, 38.842103542656297 ], [ -77.107864626614202, 38.842186543205202 ], [ -77.107752627222894, 38.842248542984997 ], [ -77.107636626554395, 38.842285543576899 ], [ -77.107498626737595, 38.8423215433968 ], [ -77.1074826269722, 38.8423245438224 ], [ -77.107450626488699, 38.8423315438014 ], [ -77.107393627249095, 38.842350542350303 ], [ -77.106936627064798, 38.842455542638099 ], [ -77.106822626211994, 38.842198543362898 ], [ -77.106788627063693, 38.842121542521902 ], [ -77.106757752436096, 38.842043225539697 ] ] ] ] } },
{ "type": "Feature", "properties": { "OBJECTID": 36, "ZIPCODE": 22305, "GlobalID": "cf9fee1f-c79f-4b0e-9dc5-6b51e32b6c36", "Shape__Area": 38643647.3203125, "Shape__Length": 41149.995271612301 }, "geometry": { "type": "Polygon", "coordinates": [ [ [ -77.051771042567395, 38.840816306808101 ], [ -77.051749558221502, 38.840829703753698 ], [ -77.051689057365905, 38.840868766691202 ], [ -77.051632120657501, 38.840907890696698 ], [ -77.051575121549504, 38.840948391460401 ], [ -77.051518057771403, 38.8409902671523 ], [ -77.051461059731395, 38.841032078759604 ], [ -77.051442697292799, 38.841046270076397 ], [ -77.051436591768606, 38.841050547224299 ], [ -77.051384591964904, 38.841086546273999 ], [ -77.051368591559395, 38.841096547573599 ], [ -77.051353591706004, 38.841107545960398 ], [ -77.051133591054494, 38.841261547461002 ], [ -77.051075679153698, 38.841301925901099 ], [ -77.050820120893206, 38.841473142030701 ], [ -77.050805932409901, 38.841481204253498 ], [ -77.050803306955899, 38.841482689040802 ], [ -77.0507895920789, 38.841489546229901 ], [ -77.050770591720493, 38.8414975472351 ], [ -77.050752591327594, 38.841505547069701 ], [ -77.050733590978993, 38.841513547168198 ], [ -77.050705591000096, 38.841525547183998 ], [ -77.050676591118204, 38.841535547346801 ], [ -77.050656590860299, 38.841541547586402 ], [ -77.050637591702895, 38.841547547570997 ], [ -77.050626591655302, 38.841550546152199 ], [ -77.050607591323001, 38.841556547018499 ], [ -77.050587591659806, 38.841561547197202 ], [ -77.050566591496406, 38.841565547574397 ], [ -77.050545591893695, 38.8415705471104 ], [ -77.050525591677797, 38.841574547215203 ], [ -77.050504590962902, 38.841577547518 ], [ -77.050483591398006, 38.8415805478312 ], [ -77.050452591770096, 38.841584547229502 ], [ -77.050431591657699, 38.841586547470001 ], [ -77.050399591528802, 38.841589547055101 ], [ -77.050378590889295, 38.841590546322102 ], [ -77.050357590822301, 38.841590547337702 ], [ -77.050336590773497, 38.841590547448902 ], [ -77.050314590790293, 38.841590546918603 ], [ -77.050293590741504, 38.841590547022101 ], [ -77.050279590935702, 38.841589547035198 ], [ -77.0502615913379, 38.841588547196302 ], [ -77.050230591348296, 38.841585547036097 ], [ -77.050209591372493, 38.8415835470121 ], [ -77.050177590895103, 38.841579547036702 ], [ -77.050156591534801, 38.841576546954101 ], [ -77.050136591571402, 38.841572547443697 ], [ -77.050115591676203, 38.8415685472904 ], [ -77.050095591717394, 38.841564547772997 ], [ -77.050084590681394, 38.841561547753301 ], [ -77.050064591357994, 38.841556547280803 ], [ -77.0500445908676, 38.841551547691303 ], [ -77.050024591012303, 38.841545547148598 ], [ -77.050004591142198, 38.841539547503103 ], [ -77.049985591227298, 38.841533547594103 ], [ -77.049966590778794, 38.841526547618599 ], [ -77.049947590949301, 38.841518547590901 ], [ -77.049927590557004, 38.841511547868997 ], [ -77.049909590687307, 38.8415035475754 ], [ -77.049890591486204, 38.841494547489297 ], [ -77.049872591624904, 38.841486547190001 ], [ -77.049853590664796, 38.841478547132802 ], [ -77.049833590927705, 38.841470546444903 ], [ -77.049814591109694, 38.841462547296302 ], [ -77.049786591342496, 38.841451547593898 ], [ -77.049765590518106, 38.841443547138702 ], [ -77.049746591266597, 38.841436547141697 ], [ -77.049726590916706, 38.841429547385403 ], [ -77.049698591175897, 38.841418547661902 ], [ -77.049687591330496, 38.8414155476191 ], [ -77.0496675909922, 38.841408547852701 ], [ -77.049654590735301, 38.841404547357698 ], [ -77.049637591299302, 38.841399547841398 ], [ -77.049617591006793, 38.841392546264998 ], [ -77.0495975912132, 38.841386546549998 ], [ -77.049577591404898, 38.841380547732399 ], [ -77.049556591065894, 38.841375547415602 ], [ -77.049536591282205, 38.841369547690199 ], [ -77.049521590610098, 38.84136454763 ], [ -77.049477591113202, 38.841356547611099 ], [ -77.049081591036199, 38.841281547366698 ], [ -77.049017589205206, 38.841275547790701 ], [ -77.048994589663906, 38.841225546223399 ], [ -77.048981590585797, 38.841199547117299 ], [ -77.048890591126707, 38.841060546695402 ], [ -77.048631590880404, 38.840615547066101 ], [ -77.048685590273294, 38.840614546212798 ], [ -77.048531588890995, 38.840356546166802 ], [ -77.048205589098401, 38.839803545886902 ], [ -77.0478835896986, 38.839262546099199 ], [ -77.047570588621099, 38.838728546237803 ], [ -77.047480588364905, 38.8385605462461 ], [ -77.047297589620499, 38.838206545706797 ], [ -77.047205588192398, 38.838005545812102 ], [ -77.047078587912097, 38.837666546027599 ], [ -77.046996588341301, 38.8374085456961 ], [ -77.046925589860706, 38.8371285459598 ], [ -77.046876588566306, 38.836886545930703 ], [ -77.046841587865302, 38.8366275461348 ], [ -77.046825589406097, 38.836498545930503 ], [ -77.046811588431495, 38.836271544897997 ], [ -77.046803587904293, 38.836093545335899 ], [ -77.0468045894211, 38.836038544605202 ], [ -77.046805587756793, 38.835860544736001 ], [ -77.0468285887939, 38.835556545919701 ], [ -77.046886588218101, 38.8350105445381 ], [ -77.046948587987401, 38.834484544221198 ], [ -77.047010588257194, 38.8339405445628 ], [ -77.047073588119403, 38.833402544028402 ], [ -77.047122588418901, 38.832959544202602 ], [ -77.047149588080501, 38.832545543971101 ], [ -77.047157588652198, 38.832011543723603 ], [ -77.047138587533794, 38.8314685428575 ], [ -77.047089587863596, 38.830411543425903 ], [ -77.047064587962296, 38.829903542238903 ], [ -77.047035587425498, 38.829382542022699 ], [ -77.046988587586995, 38.828329542667497 ], [ -77.046959588049106, 38.827789541087498 ], [ -77.046934586946605, 38.827261541011602 ], [ -77.046910587726003, 38.826725541968401 ], [ -77.046911587715897, 38.826228542147703 ], [ -77.046921587153903, 38.825951541883398 ], [ -77.046935587209106, 38.825731540557399 ], [ -77.046968587047999, 38.825468541211102 ], [ -77.046993586866606, 38.825296541142997 ], [ -77.047032587270493, 38.825087540973598 ], [ -77.047099586822995, 38.824791540666403 ], [ -77.047153587439894, 38.824590541052302 ], [ -77.047253587680402, 38.8242895407666 ], [ -77.047349586953899, 38.824029540219698 ], [ -77.047418587109505, 38.823850540096103 ], [ -77.047536587727805, 38.823590540542199 ], [ -77.047656587374405, 38.823356540173997 ], [ -77.047790587969303, 38.823109540069602 ], [ -77.047901587755604, 38.822925540154799 ], [ -77.048250587072303, 38.822394539905702 ], [ -77.048421587241805, 38.822150539319303 ], [ -77.048918587497198, 38.821456539658797 ], [ -77.049017587375801, 38.821310538587397 ], [ -77.049259588408702, 38.820966539131298 ], [ -77.0495155881448, 38.820607539212197 ], [ -77.049542588231802, 38.8211425392699 ], [ -77.049815589492297, 38.822537540403502 ], [ -77.049832589265606, 38.8226245404908 ], [ -77.049814589798899, 38.822696539583802 ], [ -77.049823588454103, 38.822817540170298 ], [ -77.049940588551195, 38.823856540341502 ], [ -77.050017588905703, 38.824620540013697 ], [ -77.049923589633096, 38.824633540607799 ], [ -77.049593589767099, 38.824662540867301 ], [ -77.049553588833703, 38.824697540499002 ], [ -77.0494745886987, 38.824732540066798 ], [ -77.049335588669507, 38.824761540793098 ], [ -77.049121587906797, 38.8247835407305 ], [ -77.048073587402499, 38.824864540183597 ], [ -77.047953587173197, 38.824871540574499 ], [ -77.047868587847503, 38.824870541024701 ], [ -77.047801587785102, 38.824864540417103 ], [ -77.047733587125407, 38.824854540658201 ], [ -77.047674587878802, 38.825109540501302 ], [ -77.047630587620503, 38.825305540352502 ], [ -77.047612587904894, 38.825437540949601 ], [ -77.047590587656401, 38.825575541043598 ], [ -77.047575587740198, 38.825729540453501 ], [ -77.047561587397695, 38.825892541063702 ], [ -77.047557587576904, 38.826235541240898 ], [ -77.047564588049596, 38.826420541818003 ], [ -77.047579587204098, 38.826579540702099 ], [ -77.047634587894393, 38.826823541579401 ], [ -77.0477005879534, 38.827091542143997 ], [ -77.047895588195999, 38.827777542484498 ], [ -77.0480295874858, 38.828419541772902 ], [ -77.048079587607305, 38.828969542052498 ], [ -77.048091587771594, 38.829481542828901 ], [ -77.049752588479905, 38.8293595426276 ], [ -77.0497585901538, 38.829384542605602 ], [ -77.049769589671001, 38.829534542422699 ], [ -77.049840588492202, 38.830098542480499 ], [ -77.049856590650194, 38.830278542793103 ], [ -77.0498595901052, 38.830407543371102 ], [ -77.049848590385906, 38.8305605426658 ], [ -77.049826590625898, 38.830696543766997 ], [ -77.049797590512895, 38.8308185422162 ], [ -77.049755589963794, 38.831053543465501 ], [ -77.049732590064494, 38.831232542832602 ], [ -77.049715589628605, 38.831393542286698 ], [ -77.049704590727899, 38.8315705429671 ], [ -77.049728589936905, 38.831784544062899 ], [ -77.049778588658, 38.832122543989399 ], [ -77.049835589921997, 38.832507543061503 ], [ -77.0510615907952, 38.832408543948901 ], [ -77.051308590901002, 38.832389543236701 ], [ -77.051393590580105, 38.832385542596697 ], [ -77.051501590459395, 38.832393543578398 ], [ -77.051568591252007, 38.832414543761502 ], [ -77.051675590724599, 38.8324705431558 ], [ -77.051701591215206, 38.832430542740902 ], [ -77.051759591188898, 38.832334543809601 ], [ -77.051805591384607, 38.832296542524603 ], [ -77.051859591097397, 38.832264543880399 ], [ -77.051897590638404, 38.832251543505699 ], [ -77.051957590692794, 38.832242543621398 ], [ -77.0536675924684, 38.832079543607698 ], [ -77.053618591280895, 38.831727542620897 ], [ -77.053572592987706, 38.831386542293401 ], [ -77.055584593885996, 38.831192542425804 ], [ -77.056006593751306, 38.831156542159597 ], [ -77.056053592281899, 38.8315095427022 ], [ -77.057971594391404, 38.831339542336401 ], [ -77.059492595828104, 38.830812542479599 ], [ -77.059376594794102, 38.830138541902699 ], [ -77.059227595223604, 38.829350541080998 ], [ -77.059066594527295, 38.828416540789199 ], [ -77.058985595215304, 38.827935540727303 ], [ -77.058924595176507, 38.827617540698697 ], [ -77.060201595832396, 38.827506541178899 ], [ -77.060416595810096, 38.827487540633399 ], [ -77.060739596731906, 38.828331541409597 ], [ -77.061073597480103, 38.8283215418206 ], [ -77.061203596573094, 38.828323541160302 ], [ -77.0613925961094, 38.828336541716297 ], [ -77.061856597545003, 38.8284635413019 ], [ -77.062925597347004, 38.828752541873101 ], [ -77.063386597674693, 38.8288745415393 ], [ -77.063437598002096, 38.828959540971198 ], [ -77.0634785979654, 38.829018541705999 ], [ -77.0635395980308, 38.829096541463102 ], [ -77.063612598542903, 38.829175540369199 ], [ -77.063701597611299, 38.829260541671601 ], [ -77.0637945980544, 38.829332540674201 ], [ -77.063930598200898, 38.829415541166803 ], [ -77.064055598575393, 38.829471541405503 ], [ -77.064317598050096, 38.829556541667699 ], [ -77.065120598661096, 38.8297745410513 ], [ -77.065930598692603, 38.829987541735299 ], [ -77.066447599368601, 38.830116541768199 ], [ -77.067085599091698, 38.8304295416646 ], [ -77.069557601186304, 38.829524541521998 ], [ -77.073977604224496, 38.828904540300798 ], [ -77.074228604888603, 38.829545539861101 ], [ -77.074062604767406, 38.829584541471 ], [ -77.073921604701098, 38.8296275414448 ], [ -77.073655604625401, 38.829735541069503 ], [ -77.073351604901205, 38.829864540610501 ], [ -77.0734386044263, 38.830104541173696 ], [ -77.071692604035803, 38.831071541074301 ], [ -77.071444604420705, 38.831643541806898 ], [ -77.071274603038106, 38.831730541235999 ], [ -77.071332602757394, 38.831801541291298 ], [ -77.071497602520594, 38.831961541417002 ], [ -77.071636603838002, 38.832075541271202 ], [ -77.0717846025141, 38.832186542166802 ], [ -77.072000603487695, 38.832310541258501 ], [ -77.072065604516297, 38.832350541520597 ], [ -77.072135603405997, 38.832398541728303 ], [ -77.072262604136299, 38.832550541945899 ], [ -77.072316603842495, 38.832644542735999 ], [ -77.072360604916497, 38.832740541805599 ], [ -77.072444604880602, 38.832935541820802 ], [ -77.072648603510999, 38.833406541518897 ], [ -77.072719603620897, 38.833582542512801 ], [ -77.072749605102999, 38.833661542298998 ], [ -77.0727616051241, 38.833728542337603 ], [ -77.072760605076198, 38.833787542411201 ], [ -77.072752605054504, 38.833842542729101 ], [ -77.072725604127896, 38.833961541608303 ], [ -77.072562603168393, 38.834380542552999 ], [ -77.072786604231197, 38.834425542937502 ], [ -77.072919603715306, 38.834454542790503 ], [ -77.073035604347794, 38.834453543198997 ], [ -77.072999604479406, 38.835293543069703 ], [ -77.074195604991601, 38.835421543415897 ], [ -77.0745236053978, 38.835777543030503 ], [ -77.074496605927195, 38.835831543255999 ], [ -77.074633605998997, 38.835838543474999 ], [ -77.074685605338701, 38.835844542832902 ], [ -77.0747526051547, 38.835862542982902 ], [ -77.074954605994506, 38.835911543378003 ], [ -77.075322606420499, 38.835987542789397 ], [ -77.0755666060615, 38.836035542835198 ], [ -77.075839606464598, 38.836075543379302 ], [ -77.075952605720701, 38.836082542722799 ], [ -77.076092606471803, 38.836087543296003 ], [ -77.076352607501605, 38.836068543042302 ], [ -77.076542606878505, 38.836037543086199 ], [ -77.077528608338099, 38.836070542759799 ], [ -77.077679606507303, 38.836070542921398 ], [ -77.077658607406207, 38.836255543352301 ], [ -77.077671608274102, 38.836471543023599 ], [ -77.0776866085357, 38.836608542891199 ], [ -77.077717606876703, 38.836831542979603 ], [ -77.077762608029005, 38.837035543243999 ], [ -77.077815608511699, 38.837188543106102 ], [ -77.0778656071776, 38.837326543608903 ], [ -77.077956608019207, 38.837501543706701 ], [ -77.078027608329293, 38.837644542973401 ], [ -77.078123607908097, 38.837779543707299 ], [ -77.078201608077705, 38.8379015436564 ], [ -77.078277608292197, 38.8380045435459 ], [ -77.0783736081992, 38.838105543166002 ], [ -77.078566608756205, 38.838296543783898 ], [ -77.078683608602603, 38.838407544814501 ], [ -77.0788186092377, 38.838524543268001 ], [ -77.079167608492398, 38.838809543686502 ], [ -77.079154608447595, 38.839426544724198 ], [ -77.079158609264894, 38.839787544427601 ], [ -77.0791376092142, 38.840145544916801 ], [ -77.079104609542398, 38.8403555446735 ], [ -77.079058609243702, 38.840566544744199 ], [ -77.079020608643503, 38.840692544424002 ], [ -77.0789656095792, 38.840810545095003 ], [ -77.078867609363201, 38.840968545224598 ], [ -77.078781609162206, 38.841077544779203 ], [ -77.078695608783704, 38.8411645449291 ], [ -77.078584609259806, 38.841264544771001 ], [ -77.078495608751695, 38.8413295451425 ], [ -77.078374608767106, 38.8414055449581 ], [ -77.078282608844006, 38.841456545054299 ], [ -77.078190608483396, 38.841498544606999 ], [ -77.077903608574104, 38.841598545172701 ], [ -77.077791607710296, 38.841625545470599 ], [ -77.077699608607006, 38.8416395450053 ], [ -77.0774776087258, 38.8416685446456 ], [ -77.077323606984294, 38.841673545160397 ], [ -77.077203608885597, 38.841669545459801 ], [ -77.076842607446594, 38.841673545054597 ], [ -77.0766226073995, 38.841610545416401 ], [ -77.076394606747698, 38.841567544868496 ], [ -77.076230608279005, 38.841543545516998 ], [ -77.076096607404097, 38.841536544948703 ], [ -77.075942606965498, 38.841541545467202 ], [ -77.075804607412095, 38.8415575450041 ], [ -77.075685608238103, 38.8415855449296 ], [ -77.075547606048502, 38.841624545337503 ], [ -77.075401606228397, 38.8416955447912 ], [ -77.075305605885802, 38.841752544794403 ], [ -77.075092607137094, 38.841896545297999 ], [ -77.074991605853299, 38.842012545086199 ], [ -77.074864606457496, 38.842215545411698 ], [ -77.074841606340897, 38.842254545683403 ], [ -77.078041608930803, 38.842801545019903 ], [ -77.078371608455498, 38.842821545828102 ], [ -77.078923609005102, 38.8428555450472 ], [ -77.079306609463998, 38.842941544998702 ], [ -77.079304645276594, 38.842945327726802 ], [ -77.079299513000095, 38.842944453854201 ], [ -77.079230200487899, 38.843071327765699 ], [ -77.079153825272499, 38.843203639849499 ], [ -77.079139451301202, 38.8432240146564 ], [ -77.079124950933604, 38.843245827645099 ], [ -77.079110513502698, 38.843266264746603 ], [ -77.079096076857098, 38.8432852648452 ], [ -77.079078138454904, 38.843305639741402 ], [ -77.0790602000246, 38.843326015535503 ], [ -77.079042200462595, 38.843346452752201 ], [ -77.079027826694301, 38.843364078758199 ], [ -77.079009888987798, 38.843383077906303 ], [ -77.078991951253798, 38.843402077952298 ], [ -77.078970512488993, 38.843421077054302 ], [ -77.078952576604905, 38.843438702271399 ], [ -77.078927576021997, 38.843461701695098 ], [ -77.078916301225604, 38.843471992755703 ], [ -77.078905609202295, 38.843480545736199 ], [ -77.078902559864503, 38.843482984620799 ], [ -77.078888326174607, 38.843492891189001 ], [ -77.078879127439194, 38.843500965824603 ], [ -77.078875608747396, 38.843503544979399 ], [ -77.078875303590607, 38.843503771026299 ], [ -77.078866951085999, 38.843509078286402 ], [ -77.078845575556002, 38.843523890529298 ], [ -77.078824201072507, 38.843538765847299 ], [ -77.078802825506997, 38.843553578983098 ], [ -77.078781451041493, 38.843568452491802 ], [ -77.078760138375202, 38.843581891536203 ], [ -77.078735325876295, 38.843595326940303 ], [ -77.078713949749798, 38.843608828274299 ], [ -77.078694430146697, 38.843621135805897 ], [ -77.078681608889795, 38.843627546659199 ], [ -77.078675923435995, 38.843631335670601 ], [ -77.078667763393298, 38.843635765021901 ], [ -77.078642950473807, 38.843647765192898 ], [ -77.078604229072994, 38.843666916229999 ], [ -77.078595609073005, 38.843670545371097 ], [ -77.078579014957199, 38.843678406098 ], [ -77.078575638886093, 38.843679890518402 ], [ -77.078574643426293, 38.843680419031898 ], [ -77.078558608768901, 38.843687545051402 ], [ -77.078538608728195, 38.843695546518703 ], [ -77.078509609469805, 38.843706546366903 ], [ -77.078480609068507, 38.843717545293302 ], [ -77.0784516086227, 38.843728546013899 ], [ -77.078431609031398, 38.843734545564097 ], [ -77.078401608825402, 38.843744545825402 ], [ -77.078381609225502, 38.843750545367101 ], [ -77.078370608865697, 38.843753545631699 ], [ -77.078350609260596, 38.843759545168098 ], [ -77.078319609490194, 38.843767545813002 ], [ -77.078299608927693, 38.843772546178798 ], [ -77.078279609514198, 38.843777546555003 ], [ -77.078248608612, 38.843785545365698 ], [ -77.078228609191299, 38.843790545733299 ], [ -77.078207608854498, 38.843794546535499 ], [ -77.078181631616104, 38.8438004123729 ], [ -77.078166997062795, 38.843803095610497 ], [ -77.078145609018605, 38.843806545731297 ], [ -77.078102608617101, 38.843813545051198 ], [ -77.078081608472004, 38.843816546683001 ], [ -77.078060608602399, 38.843818545560097 ], [ -77.078055761011399, 38.843819000375902 ], [ -77.078053137333697, 38.843819140673297 ], [ -77.078048869341004, 38.843819647557503 ], [ -77.078028608759396, 38.843821546370201 ], [ -77.078007608886793, 38.843823545237797 ], [ -77.077992137886298, 38.843824951588701 ], [ -77.077986325458596, 38.843825202811303 ], [ -77.077965201285096, 38.843826264982297 ], [ -77.077944138057404, 38.843827390954203 ], [ -77.077927655607695, 38.843828271503099 ], [ -77.077922445981997, 38.843828508402801 ], [ -77.077898512581598, 38.843828202224501 ], [ -77.077877451163104, 38.843828015526299 ], [ -77.077835326314997, 38.843827452895297 ], [ -77.0778107006319, 38.843827141915298 ], [ -77.077782638049001, 38.843825453182497 ], [ -77.077758138739398, 38.843823764372402 ], [ -77.077733575915005, 38.8438221414577 ], [ -77.077709075028196, 38.843819078673597 ], [ -77.077690698449899, 38.843817932531302 ], [ -77.077687608254905, 38.843817546420098 ], [ -77.077669608265097, 38.843814546183502 ], [ -77.077655608850193, 38.843813546773902 ], [ -77.077634608948102, 38.8438105462183 ], [ -77.077613609029896, 38.843807546559702 ], [ -77.077592608191907, 38.8438035468346 ], [ -77.077572608491295, 38.843799546624602 ], [ -77.077551608827505, 38.843795546005403 ], [ -77.077449608091101, 38.8437705464899 ], [ -77.077369607982504, 38.843750546209698 ], [ -77.0772562401595, 38.843721885150202 ], [ -77.077174199670495, 38.843698640919101 ], [ -77.077160199427794, 38.843695766568601 ], [ -77.077062386808393, 38.843669828239697 ], [ -77.076968011486798, 38.843646702814198 ], [ -77.076926011690006, 38.8436366408813 ], [ -77.076880635952904, 38.843627765093103 ], [ -77.076835137907906, 38.843619015738902 ], [ -77.076793137467206, 38.843610266430602 ], [ -77.076747637648197, 38.843602827899097 ], [ -77.076702136961401, 38.8435968281524 ], [ -77.076656637550201, 38.8435907644362 ], [ -77.076611074665607, 38.843584764800802 ], [ -77.076565512320101, 38.843580016570201 ], [ -77.076519948801703, 38.843575327770097 ], [ -77.076465437188205, 38.843571114246799 ], [ -77.076446608504199, 38.8435685452352 ], [ -77.076424608462005, 38.843566546798797 ], [ -77.076390606535696, 38.843564545145703 ], [ -77.076368608552599, 38.8435635467754 ], [ -77.076346607168404, 38.843562545656901 ], [ -77.076324608052602, 38.843561546363802 ], [ -77.076312524321295, 38.843561545754298 ], [ -77.076186761893396, 38.843556203000098 ], [ -77.076053448251301, 38.843551828020097 ], [ -77.075916511833299, 38.843548827928103 ], [ -77.075783135958105, 38.8435485782257 ], [ -77.075727020863397, 38.8435494694928 ], [ -77.075684607251702, 38.843548546709499 ], [ -77.075552031858507, 38.843552544515497 ], [ -77.075361572912101, 38.843557203682302 ], [ -77.075269077149699, 38.843561074968299 ], [ -77.075087606392003, 38.843566545527601 ], [ -77.074710606079904, 38.843591546466001 ], [ -77.074334606803802, 38.8436285454654 ], [ -77.074278607589406, 38.843635546775502 ], [ -77.0742146060594, 38.843643545507902 ], [ -77.074084605540605, 38.8436585455797 ], [ -77.073552606382194, 38.843723546655802 ], [ -77.072831605769693, 38.843810546955098 ], [ -77.072106605738597, 38.843897546448503 ], [ -77.071937605044397, 38.843920546738403 ], [ -77.071854818797902, 38.843930343683702 ], [ -77.071818134945005, 38.843931579418701 ], [ -77.071800571223406, 38.843931328776698 ], [ -77.071449196172594, 38.843942141116003 ], [ -77.071354320714903, 38.843945141581102 ], [ -77.071017006925899, 38.843954703875198 ], [ -77.070876509179399, 38.843958516176997 ], [ -77.070372366602399, 38.843973665540801 ], [ -77.070352604779799, 38.843972546424503 ], [ -77.070125564653196, 38.843955329710298 ], [ -77.069900757252796, 38.843937016275497 ], [ -77.069529194285295, 38.8439078288649 ], [ -77.069136631208593, 38.843870016273101 ], [ -77.068778819969495, 38.843850579304998 ], [ -77.06873617494, 38.8438491223339 ], [ -77.068452602507406, 38.8438285471263 ], [ -77.068399602946698, 38.843824546503797 ], [ -77.068378602657305, 38.843823547091901 ], [ -77.068357602386499, 38.843822546775399 ], [ -77.068335603284297, 38.843821546885799 ], [ -77.068283602189197, 38.8438185467298 ], [ -77.068240602821902, 38.843816546488902 ], [ -77.068198602270897, 38.843814546703598 ], [ -77.068176602812002, 38.843814546832903 ], [ -77.068155602546696, 38.843813546480298 ], [ -77.068124602518395, 38.843812546669099 ], [ -77.068092602507406, 38.843811547264202 ], [ -77.068071601881201, 38.843811546945197 ], [ -77.068039602677899, 38.843811546687803 ], [ -77.068018602033803, 38.843811547260103 ], [ -77.067986602042595, 38.843810546925504 ], [ -77.067965602568606, 38.843810546601603 ], [ -77.067944602711904, 38.843811547223403 ], [ -77.067923602085799, 38.843811546877902 ], [ -77.0679116023733, 38.843811547330198 ], [ -77.067890602898899, 38.843811546992903 ], [ -77.067869602272793, 38.843811546637802 ], [ -77.067827601788096, 38.843812546879697 ], [ -77.067806601946799, 38.843813546576101 ], [ -77.067785602453995, 38.843813547120703 ], [ -77.067764602611902, 38.843814546809497 ], [ -77.067752601747102, 38.843814547231503 ], [ -77.067721601790595, 38.843816546573102 ], [ -77.067668602354402, 38.843818546841298 ], [ -77.067647602509197, 38.843819546509103 ], [ -77.067626602645504, 38.843820547074003 ], [ -77.067605601647401, 38.843821546720299 ], [ -77.067573601682099, 38.843823547333798 ], [ -77.067552602615905, 38.843825547047302 ], [ -77.067520602665297, 38.8438275467457 ], [ -77.067499601645693, 38.843828547273802 ], [ -77.067464602539403, 38.8438315473472 ], [ -77.067447602586995, 38.843832547144103 ], [ -77.067415602258393, 38.843835546862501 ], [ -77.067394602032493, 38.843837546533699 ], [ -77.067373601787494, 38.843839547101901 ], [ -77.067370705806894, 38.843839822583398 ], [ -77.067191693596797, 38.843849078726798 ], [ -77.067135380199502, 38.843855266455201 ], [ -77.067086130849702, 38.843860141218101 ], [ -77.067040380349297, 38.843866454244001 ], [ -77.066991069092694, 38.843874140973703 ], [ -77.066941755477998, 38.843880329376098 ], [ -77.066895943144601, 38.843889392187997 ], [ -77.066846568782594, 38.8438983916704 ], [ -77.066797256621598, 38.843907390990601 ], [ -77.066751381087798, 38.843917828723797 ], [ -77.066705505540597, 38.843928266439001 ], [ -77.066656068141597, 38.843940016570002 ], [ -77.066610256111005, 38.843951829871799 ], [ -77.066564317674903, 38.8439649533939 ], [ -77.066518443595598, 38.843978141651498 ], [ -77.066481957681702, 38.843989707516897 ], [ -77.066462602246801, 38.843994547079603 ], [ -77.066442601911206, 38.843999547240401 ], [ -77.066421601604603, 38.844004546897303 ], [ -77.066354601496002, 38.844023546766003 ], [ -77.066316601897796, 38.844033547163399 ], [ -77.066296601541197, 38.844038547299299 ], [ -77.066276601181798, 38.844043547431703 ], [ -77.0662556020024, 38.844048547073001 ], [ -77.066235600097201, 38.844054547232901 ], [ -77.066216602019594, 38.844059546984603 ], [ -77.066205599934406, 38.844062546995701 ], [ -77.066185601476406, 38.844068547189302 ], [ -77.066165601100906, 38.844073547302798 ], [ -77.066135600532604, 38.8440825470962 ], [ -77.066115602063206, 38.844088547277899 ], [ -77.066095601286904, 38.844094547428099 ], [ -77.066075601676999, 38.844100546688097 ], [ -77.066055602045793, 38.844106546845502 ], [ -77.066035601259401, 38.844112546985301 ], [ -77.066016601609306, 38.844118546739097 ], [ -77.066005601810303, 38.844121546759503 ], [ -77.065986600985596, 38.844127547394997 ], [ -77.065967602086999, 38.844134547203403 ], [ -77.065946601315403, 38.844140546823802 ], [ -77.065927600088003, 38.844147547498302 ], [ -77.065878600544096, 38.8441635470246 ], [ -77.065859601625505, 38.844170546815498 ], [ -77.0658396015628, 38.844177546984497 ], [ -77.065820601484901, 38.844184546755002 ], [ -77.065791601555105, 38.844194547028401 ], [ -77.065771600327295, 38.8442015471717 ], [ -77.065742601140201, 38.844212547495601 ], [ -77.065723601043601, 38.844219547250297 ], [ -77.065685601595007, 38.844234546812999 ], [ -77.065666601469104, 38.844241547459198 ], [ -77.065646599837393, 38.844249546729003 ], [ -77.065628601997005, 38.844256547003397 ], [ -77.065608601490695, 38.844264547181503 ], [ -77.065590600941803, 38.844272547470503 ], [ -77.065571601966298, 38.844279547214498 ], [ -77.065552601437403, 38.844287546990003 ], [ -77.065533599752499, 38.844295546748199 ], [ -77.0655156014911, 38.844303547053798 ], [ -77.065486601824801, 38.844315547362697 ], [ -77.065468601267497, 38.844323546732198 ], [ -77.065439600033997, 38.844336547063797 ], [ -77.065421600600104, 38.844344547340803 ], [ -77.065402601189007, 38.844352547105998 ], [ -77.065384601346693, 38.844361547425798 ], [ -77.065365599623505, 38.844369547156703 ], [ -77.065347600923999, 38.844378547484901 ], [ -77.065329601086205, 38.844387546895497 ], [ -77.065310601635602, 38.844395547546299 ], [ -77.065292600637207, 38.844404546937099 ], [ -77.065282601086295, 38.8444095475108 ], [ -77.065265601608601, 38.844417547373197 ], [ -77.065255600920295, 38.844422547029602 ], [ -77.0652376010419, 38.844431547326799 ], [ -77.065220601151395, 38.844440547231102 ], [ -77.065210601608499, 38.844445546897802 ], [ -77.065192601718806, 38.844454547188001 ], [ -77.065165601098201, 38.844468547635202 ], [ -77.065139600478005, 38.844482546786203 ], [ -77.065121601721799, 38.8444915470795 ], [ -77.065094600669198, 38.844506547558701 ], [ -77.065077599591206, 38.844515547428102 ], [ -77.065059601584096, 38.844525546873598 ], [ -77.065042601243903, 38.844535546800401 ], [ -77.065024600905303, 38.8445455471131 ], [ -77.065007601707293, 38.844555547048898 ], [ -77.064990601758595, 38.844564546919599 ], [ -77.064981601752706, 38.844570547127802 ], [ -77.064955599483596, 38.844585547172699 ], [ -77.064938601418305, 38.844595547112398 ], [ -77.064912601434798, 38.844610547175897 ], [ -77.064895600647006, 38.844621547129698 ], [ -77.064879600238299, 38.844631547546101 ], [ -77.064863599435597, 38.844642547108101 ], [ -77.064846601344001, 38.8446525470343 ], [ -77.064829601687904, 38.8446635469925 ], [ -77.064808599831906, 38.844671547406001 ], [ -77.064726601481695, 38.844692546874001 ], [ -77.064638600080102, 38.844712547603599 ], [ -77.0646246013319, 38.844715546861998 ], [ -77.064546600589793, 38.844733547178798 ], [ -77.063897599323596, 38.844896547595503 ], [ -77.063876600862997, 38.844901547724902 ], [ -77.063856600824806, 38.844907547506502 ], [ -77.063834601225395, 38.844912547092001 ], [ -77.063813599722394, 38.844916547119603 ], [ -77.063791600521697, 38.8449205475493 ], [ -77.063770599014006, 38.8449245475692 ], [ -77.063748600249397, 38.844927547041799 ], [ -77.063727600312404, 38.8449305470197 ], [ -77.063705600374405, 38.8449335473709 ], [ -77.063683599706806, 38.844935547655602 ], [ -77.063661599056005, 38.8449375470354 ], [ -77.063629601193597, 38.8449385474538 ], [ -77.063607599068803, 38.844938547599398 ], [ -77.063586600398594, 38.844938547406997 ], [ -77.063555600656102, 38.844938547352598 ], [ -77.063533600834901, 38.844938547512399 ], [ -77.063512599117601, 38.844937548116903 ], [ -77.063491600149206, 38.844935547796702 ], [ -77.063470599603207, 38.844934547507002 ], [ -77.063449599484997, 38.8449325471652 ], [ -77.063437598860702, 38.844931547097701 ], [ -77.063416599878096, 38.844929547664798 ], [ -77.063395599038998, 38.8449265472509 ], [ -77.063374598907203, 38.844924547796303 ], [ -77.063353600803495, 38.844920547354697 ], [ -77.063333599950695, 38.844917547456298 ], [ -77.063302599337504, 38.844911547002702 ], [ -77.063281600071804, 38.844907547434801 ], [ -77.063261600807195, 38.844903547489899 ], [ -77.0632506010311, 38.844900547833902 ], [ -77.063230599896897, 38.844895547807099 ], [ -77.063210599917198, 38.844890547791003 ], [ -77.063190598788495, 38.8448855477574 ], [ -77.063179599036104, 38.844882547194103 ], [ -77.063159600646699, 38.844876547135001 ], [ -77.063139598805293, 38.844870547030197 ], [ -77.063120600402598, 38.844864547492797 ], [ -77.0631006001516, 38.844857547347097 ], [ -77.063071598970296, 38.844847547668202 ], [ -77.063052599159406, 38.844839547094203 ], [ -77.063033598901697, 38.844832547466197 ], [ -77.063015599060606, 38.844824548316197 ], [ -77.062996599695595, 38.844815547684597 ], [ -77.062977598749796, 38.844807547084301 ], [ -77.062959600507, 38.844798547891401 ], [ -77.062942599962398, 38.844789548296902 ], [ -77.062915600128605, 38.844776547692902 ], [ -77.062042598840307, 38.844272547763097 ], [ -77.061906598738403, 38.844190547551101 ], [ -77.061562598710907, 38.843980547474999 ], [ -77.061413598321806, 38.843889547239797 ], [ -77.060172597876999, 38.843131547398599 ], [ -77.0586305969086, 38.842453547226299 ], [ -77.055524594548899, 38.841132546566101 ], [ -77.055392594117507, 38.841079547079197 ], [ -77.055329594213703, 38.841056547013601 ], [ -77.054283594558399, 38.840694546555298 ], [ -77.053648593666594, 38.840475545747204 ], [ -77.053628593222101, 38.840468545753403 ], [ -77.053608593350901, 38.840462546720502 ], [ -77.053588592349399, 38.840456546769303 ], [ -77.053568592502899, 38.840450546828798 ], [ -77.053548593811499, 38.8404445468991 ], [ -77.053528592254693, 38.840439546987 ], [ -77.053517592399402, 38.840436547302403 ], [ -77.053497593150396, 38.840431547413402 ], [ -77.053476594003996, 38.840426546009503 ], [ -77.053435592110404, 38.840416547361798 ], [ -77.053414592405701, 38.840412545996301 ], [ -77.053384593846104, 38.840405546166899 ], [ -77.053342593810697, 38.840398547066002 ], [ -77.053310592556599, 38.840392546014897 ], [ -77.053268591985201, 38.8403865460361 ], [ -77.053236591889004, 38.840382545992803 ], [ -77.053211593638196, 38.840382545982699 ], [ -77.053190592197794, 38.840379546413601 ], [ -77.053148592235402, 38.840376546568599 ], [ -77.053117592095603, 38.8403745463186 ], [ -77.053105592340899, 38.840373546995203 ], [ -77.053074593373395, 38.840371545847397 ], [ -77.053042592729895, 38.840370545913501 ], [ -77.053021591868202, 38.840370547391501 ], [ -77.052999592258701, 38.8403705473645 ], [ -77.052978593754801, 38.840370546160997 ], [ -77.052957592911199, 38.840370546727002 ], [ -77.052936592645594, 38.840371547352603 ], [ -77.052904592025797, 38.8403725465934 ], [ -77.052882591841396, 38.840373546593902 ], [ -77.052851592848, 38.840375547414602 ], [ -77.052830592022602, 38.84037754717 ], [ -77.052808593005494, 38.840378546270003 ], [ -77.052777591704498, 38.840382547155798 ], [ -77.052756593178401, 38.840384546926401 ], [ -77.0527355917894, 38.840387545813499 ], [ -77.052714593242499, 38.840389546477198 ], [ -77.052683592524204, 38.840394546501003 ], [ -77.052662591685404, 38.840398546339401 ], [ -77.052641592573707, 38.8404015461388 ], [ -77.052621591630398, 38.840405547488302 ], [ -77.0526005919548, 38.8404095464291 ], [ -77.052569593499399, 38.840416547464898 ], [ -77.052549592602304, 38.840420546099899 ], [ -77.052528593454397, 38.840425546892803 ], [ -77.052508591954805, 38.840430546470998 ], [ -77.052488591585899, 38.840435546960798 ], [ -77.052468591785896, 38.8404415475108 ], [ -77.052448592599205, 38.840446546206401 ], [ -77.052437591626102, 38.840449545844599 ], [ -77.052426593508301, 38.8404535464745 ], [ -77.052415592533194, 38.840456546110602 ], [ -77.0524045921278, 38.840460545809201 ], [ -77.052384591714301, 38.840467547294899 ], [ -77.052373591887005, 38.840470546941397 ], [ -77.052362593780501, 38.840474546664502 ], [ -77.052342592795299, 38.8404825472916 ], [ -77.052331592381805, 38.840486546983399 ], [ -77.0522535917721, 38.8405185462316 ], [ -77.052168592645799, 38.8405585460442 ], [ -77.052142591968504, 38.840572546847298 ], [ -77.052132592035605, 38.840577546305298 ], [ -77.052114593140203, 38.840587547378398 ], [ -77.052097591911604, 38.840597546340497 ], [ -77.052080591811702, 38.840607546215203 ], [ -77.052063591688906, 38.840617546988099 ], [ -77.052045592224204, 38.840628546298397 ], [ -77.052028592109806, 38.840638546165401 ], [ -77.052011591404195, 38.840649546079199 ], [ -77.051995591766499, 38.8406605466282 ], [ -77.051970593257593, 38.840676546356001 ], [ -77.051771042567395, 38.840816306808101 ] ] ] } },
{ "type": "Feature", "properties": { "OBJECTID": 37, "ZIPCODE": 22206, "GlobalID": "e7a51b87-5678-4c53-87c4-7962cc76b9f2", "Shape__Area": 618016.0859375, "Shape__Length": 3799.2263991947498 }, "geometry": { "type": "Polygon", "coordinates": [ [ [ -77.085624103825197, 38.844028410711203 ], [ -77.085519273398603, 38.844010054754499 ], [ -77.085039898537104, 38.843923242386602 ], [ -77.083976022718005, 38.843741554941197 ], [ -77.083958522401602, 38.843738617558401 ], [ -77.082726710142495, 38.843526055139598 ], [ -77.082250772107699, 38.843444742436397 ], [ -77.0819601532571, 38.843394369118997 ], [ -77.082005610903707, 38.843342546249097 ], [ -77.0821566112851, 38.843184545077797 ], [ -77.082304611897996, 38.843204546261099 ], [ -77.082451611339394, 38.843225546028002 ], [ -77.082605611624203, 38.843059545876301 ], [ -77.082769611483997, 38.843094544928597 ], [ -77.082869612360298, 38.842983545707398 ], [ -77.083400612094593, 38.842411544956597 ], [ -77.083605612178005, 38.842186545164502 ], [ -77.083973612802694, 38.841837544804399 ], [ -77.084250612225205, 38.841544545010997 ], [ -77.084385612942597, 38.841411544802398 ], [ -77.084936612193701, 38.8408715439612 ], [ -77.085198562080393, 38.840629591054402 ], [ -77.085276023444806, 38.841030366693403 ], [ -77.085537522826598, 38.842370867043599 ], [ -77.085776648012995, 38.843598491951198 ], [ -77.085746767322703, 38.844048085996903 ], [ -77.085624103825197, 38.844028410711203 ] ] ] } },
{ "type": "Feature", "properties": { "OBJECTID": 38, "ZIPCODE": 22206, "GlobalID": "cf560ef4-8d70-4b6f-a605-76367764b321", "Shape__Area": 1232062.53125, "Shape__Length": 7324.4062611865802 }, "geometry": { "type": "Polygon", "coordinates": [ [ [ -77.099961090239603, 38.837204053136098 ], [ -77.099947339869004, 38.8371887406186 ], [ -77.099940464822495, 38.837180427571802 ], [ -77.099933652803102, 38.8371734901189 ], [ -77.099930277306896, 38.837165178274198 ], [ -77.099923402264594, 38.837156865226298 ], [ -77.099916527206403, 38.837148553078698 ], [ -77.099913215012094, 38.837140303252902 ], [ -77.099909902061398, 38.837130615509203 ], [ -77.099906527661304, 38.837122365842099 ], [ -77.099899651791006, 38.837112677940098 ], [ -77.099896339678196, 38.837104365048603 ], [ -77.0998965273062, 38.837094802851098 ], [ -77.099893152909303, 38.837086553183497 ], [ -77.099889777756403, 38.837076865597901 ], [ -77.099886590099601, 38.8370631160846 ], [ -77.099886839513999, 38.837050740070801 ], [ -77.099883527644707, 38.8370411154051 ], [ -77.099883715352206, 38.837031490142301 ], [ -77.099883965066496, 38.837017740190397 ], [ -77.099884214780602, 38.837003990238401 ], [ -77.099887901649495, 38.8369958031832 ], [ -77.099888089356199, 38.836986177920203 ], [ -77.099891777392898, 38.836977989977797 ], [ -77.0998919650212, 38.8369684277801 ], [ -77.099895651887294, 38.836960240724501 ], [ -77.099899340298904, 38.836950615778399 ], [ -77.0999030271809, 38.836942427821903 ], [ -77.099906715195999, 38.836934240779698 ], [ -77.099910339868998, 38.836926052981703 ], [ -77.099914027882505, 38.836917865939199 ], [ -77.099921214253101, 38.836909740449201 ], [ -77.099924902342394, 38.836901490341099 ], [ -77.099932089844202, 38.836893365764801 ], [ -77.099939215154805, 38.8368852404463 ], [ -77.099946464418494, 38.836874302953497 ], [ -77.099953652768605, 38.836867552327803 ], [ -77.099960776965304, 38.836859365730398 ], [ -77.099967964160896, 38.836852615090102 ], [ -77.099978652038502, 38.8368458656645 ], [ -77.099989340501494, 38.836836427824103 ], [ -77.099999902511499, 38.8368310526389 ], [ -77.100010652590001, 38.8368243030515 ], [ -77.100021339700007, 38.836816115704302 ], [ -77.100035527011798, 38.836809490001301 ], [ -77.100046152687099, 38.836802739827803 ], [ -77.100056777715295, 38.836798740231899 ], [ -77.100067402368495, 38.836796177638497 ], [ -77.100081527254503, 38.836790803499497 ], [ -77.100095652095703, 38.836785490622603 ], [ -77.100109777461, 38.8367829274356 ], [ -77.100120339963098, 38.836780302831798 ], [ -77.100134403179595, 38.836777677636199 ], [ -77.100145027887095, 38.836775052871197 ], [ -77.100159089560407, 38.836773865563202 ], [ -77.100176651888106, 38.836772739825903 ], [ -77.100190715612698, 38.836772865215899 ], [ -77.100204777284901, 38.836771677902298 ], [ -77.100222340184303, 38.836773240585998 ], [ -77.100236339028299, 38.836774803105499 ], [ -77.100253901929193, 38.836776365784502 ], [ -77.100267839676405, 38.836777989736802 ], [ -77.100281965076604, 38.836775365265297 ], [ -77.100292590087605, 38.836771365647998 ], [ -77.100303152907898, 38.836767365288097 ], [ -77.100310339279403, 38.836759177609402 ], [ -77.100321027359598, 38.8367511154783 ], [ -77.100457589606606, 38.836589303487401 ], [ -77.100590527536596, 38.836431615898199 ], [ -77.1005943401818, 38.836422052775198 ], [ -77.100598027243095, 38.836412490857398 ], [ -77.100601715472706, 38.8364029280526 ], [ -77.100601902233905, 38.8363919279344 ], [ -77.100598590316693, 38.836382302386603 ], [ -77.100595277534595, 38.836371302886803 ], [ -77.100591965679001, 38.836361615174198 ], [ -77.100585152826298, 38.836353302905003 ], [ -77.100578277768307, 38.836344990794601 ], [ -77.100567777395895, 38.836337990479102 ], [ -77.100557402286398, 38.836332364697 ], [ -77.0998867775712, 38.835975614982402 ], [ -77.099219589762299, 38.835618927572803 ], [ -77.098694839084203, 38.835339427259797 ], [ -77.098288401572205, 38.835119052230198 ], [ -77.098232776396003, 38.835089490032402 ], [ -77.098177213759001, 38.835058614975203 ], [ -77.097871199513605, 38.834879460607397 ], [ -77.097961621591097, 38.8348545404207 ], [ -77.097987619649501, 38.834850540864601 ], [ -77.098142620297494, 38.834817541068901 ], [ -77.098326619720197, 38.834764540437099 ], [ -77.099653620571402, 38.834386540785196 ], [ -77.100122621028405, 38.834251540493398 ], [ -77.1007126220549, 38.834084540650899 ], [ -77.100725620654302, 38.8341545405547 ], [ -77.100734621148007, 38.834237540285699 ], [ -77.100721620503805, 38.834356540774699 ], [ -77.100705622187107, 38.834458540710003 ], [ -77.100670620683104, 38.834618540390998 ], [ -77.100621620969505, 38.834763540883003 ], [ -77.100528621202002, 38.835064540696798 ], [ -77.100494621540506, 38.835190541558099 ], [ -77.100492622042907, 38.835282541204599 ], [ -77.100490620611396, 38.835391540769002 ], [ -77.1004946207036, 38.8355145405135 ], [ -77.100514621827699, 38.835610540516399 ], [ -77.100605621707203, 38.835803540486502 ], [ -77.100666622819205, 38.835884541148197 ], [ -77.100735622420302, 38.835959540436797 ], [ -77.100859622443707, 38.836069541201901 ], [ -77.101199622132299, 38.836306541405698 ], [ -77.101584623166005, 38.836547540911603 ], [ -77.101778622708395, 38.836673542085499 ], [ -77.1019756226232, 38.836810542266399 ], [ -77.102152623292, 38.837047541256503 ], [ -77.1025606233178, 38.837253542055898 ], [ -77.103038623701806, 38.837473541893303 ], [ -77.103419623149705, 38.8377015409622 ], [ -77.1037246235216, 38.837889541777599 ], [ -77.104109623375507, 38.838158542157402 ], [ -77.104496623976303, 38.838501542453201 ], [ -77.104642625177405, 38.838644541835897 ], [ -77.104706625084205, 38.8387115419022 ], [ -77.105025624270397, 38.839054541879896 ], [ -77.105077623975106, 38.839115542066899 ], [ -77.105340625703107, 38.839441542378999 ], [ -77.1058006260713, 38.839976542541002 ], [ -77.105691626062793, 38.840047542188103 ], [ -77.105529625937095, 38.8401495424092 ], [ -77.105375626373899, 38.840247542682299 ], [ -77.105240624468905, 38.840298542833203 ], [ -77.105064626172407, 38.840330542118501 ], [ -77.104864624361497, 38.8403355428458 ], [ -77.1046036243971, 38.840312542896399 ], [ -77.104430624747593, 38.840283543336 ], [ -77.104516468538307, 38.840416689215601 ], [ -77.104418904026602, 38.840340990513099 ], [ -77.104373279170204, 38.8403404282016 ], [ -77.103799216529495, 38.840065865583199 ], [ -77.103559216261303, 38.839954553884297 ], [ -77.103319091509704, 38.839841803195498 ], [ -77.103165966292593, 38.8397699911256 ], [ -77.103089403397107, 38.839733365606399 ], [ -77.103012841456902, 38.839698115789503 ], [ -77.103002404279806, 38.839693928305401 ], [ -77.102985091065307, 38.839684053303799 ], [ -77.102974654149705, 38.839678490979203 ], [ -77.102957278750793, 38.8396686152333 ], [ -77.102939904415507, 38.839658803464403 ], [ -77.102922591419301, 38.839647615780002 ], [ -77.102915653306695, 38.839640678811499 ], [ -77.1029052786877, 38.839635053255101 ], [ -77.102891466481196, 38.839623927957703 ], [ -77.102884528374005, 38.839616990987302 ], [ -77.102874153760794, 38.839611365428098 ], [ -77.102867215656403, 38.839604428456603 ], [ -77.102860340932196, 38.839597490437299 ], [ -77.102846529058098, 38.839584928132098 ], [ -77.102839653168402, 38.8395779909985 ], [ -77.102832778449397, 38.839571052977597 ], [ -77.102825903714105, 38.839564115856902 ], [ -77.102818965694297, 38.8395571158173 ], [ -77.102812090903896, 38.839550240860298 ], [ -77.102801841401799, 38.839534991093998 ], [ -77.102794965538806, 38.839528053057101 ], [ -77.102788091148199, 38.839519678030904 ], [ -77.102736778397002, 38.8394531784215 ], [ -77.102671590782606, 38.839372803935198 ], [ -77.102654527898594, 38.839343740845401 ], [ -77.102637652790506, 38.839314678186298 ], [ -77.102624152887699, 38.839285678231803 ], [ -77.102610591068, 38.839260866029001 ], [ -77.102593715923803, 38.839226303096098 ], [ -77.102580216262695, 38.839195990462301 ], [ -77.102566778938296, 38.839165553337402 ], [ -77.102553341509207, 38.839135240539598 ], [ -77.102539840788694, 38.839104865722298 ], [ -77.102529966459002, 38.839074490834797 ], [ -77.102520027567195, 38.839044178243597 ], [ -77.102510091254004, 38.839012490840602 ], [ -77.102500153530798, 38.838982178260899 ], [ -77.102483840503595, 38.838918803488099 ], [ -77.102480528752295, 38.838906428322801 ], [ -77.102473778468394, 38.838893990592602 ], [ -77.102470465283105, 38.838882991152197 ], [ -77.102463716230503, 38.838870490369899 ], [ -77.102460403333197, 38.838858115190199 ], [ -77.102453653039802, 38.838845678359398 ], [ -77.102446841441093, 38.838834615639698 ], [ -77.102440027809195, 38.838822178053903 ], [ -77.102433216214806, 38.838811115333201 ], [ -77.102426465930506, 38.838798678500801 ], [ -77.102419653188704, 38.838787615765597 ], [ -77.102412902926503, 38.838775178031597 ], [ -77.102406027980294, 38.838764115455803 ], [ -77.102399278587797, 38.838753053473603 ], [ -77.102388966288601, 38.838741927442598 ], [ -77.102382153540503, 38.838730865605903 ], [ -77.102371841229598, 38.838719740474097 ], [ -77.102364965143295, 38.838708677882003 ], [ -77.102354652568494, 38.838698927586897 ], [ -77.102344340190598, 38.838687865517798 ], [ -77.102337528623707, 38.838676802791298 ], [ -77.102316840057298, 38.838657365406902 ], [ -77.102289402756298, 38.8386240532881 ], [ -77.102258403366207, 38.838592115928201 ], [ -77.102227465136593, 38.838560115320902 ], [ -77.102196465528806, 38.838529552782497 ], [ -77.102165465947493, 38.838498990235799 ], [ -77.102134465240795, 38.838468427666903 ], [ -77.102099902783607, 38.838437802847601 ], [ -77.102065403423197, 38.838408553610698 ], [ -77.102030840765906, 38.838379302708297 ], [ -77.101996278101694, 38.838350053596997 ], [ -77.101961715223396, 38.838322177512303 ], [ -77.101923652717005, 38.838294302975903 ], [ -77.101854403017697, 38.8382426152383 ], [ -77.101493903383201, 38.8380035530041 ], [ -77.101140527118005, 38.837760427470201 ], [ -77.100773215255103, 38.837510302829301 ], [ -77.100402340225003, 38.837262802202197 ], [ -77.100388402875495, 38.837258552917604 ], [ -77.100377902599107, 38.837255678017399 ], [ -77.100363902446702, 38.837254177665599 ], [ -77.100349840682696, 38.8372553649981 ], [ -77.100339214742306, 38.837257990668398 ], [ -77.100328651929402, 38.837261927965798 ], [ -77.100317965156904, 38.837268678336898 ], [ -77.100307340073698, 38.837272677956101 ], [ -77.100296777506003, 38.837275302576401 ], [ -77.100282652068103, 38.837277864884904 ], [ -77.100272089481194, 38.8372804904037 ], [ -77.1002544644533, 38.837283053317499 ], [ -77.100236903111195, 38.837284240343699 ], [ -77.100219339525196, 38.837285365175397 ], [ -77.1002017770127, 38.837286553083501 ], [ -77.100187714399198, 38.837286365544003 ], [ -77.100170090007495, 38.837286177866901 ], [ -77.100152652610703, 38.837284552706798 ], [ -77.100135153241695, 38.837281615929697 ], [ -77.100117652757504, 38.837278677334702 ], [ -77.100107152489102, 38.837275802410197 ], [ -77.100089652032594, 38.837272803448002 ], [ -77.100079214226795, 38.837268615687897 ], [ -77.100068777398405, 38.837265677549503 ], [ -77.100054777860507, 38.837261428384103 ], [ -77.1000442776147, 38.837258552553401 ], [ -77.100033902395595, 38.837252927626999 ], [ -77.100023402388501, 38.837248740020797 ], [ -77.100013027154901, 38.837243115993203 ], [ -77.100002589690305, 38.837237552486698 ], [ -77.099995714360503, 38.837230553018202 ], [ -77.099985278093499, 38.837224928260099 ], [ -77.099978401632498, 38.837217927875997 ], [ -77.0999714640392, 38.837210990729503 ], [ -77.099961090239603, 38.837204053136098 ] ] ] } },
{ "type": "Feature", "properties": { "OBJECTID": 39, "ZIPCODE": 22312, "GlobalID": "df0e7e39-ab7a-4022-8c74-b36e63ed6855", "Shape__Area": 12701636.1171875, "Shape__Length": 27239.983516934801 }, "geometry": { "type": "MultiPolygon", "coordinates": [ [ [ [ -77.128341637391202, 38.821124532832499 ], [ -77.128238637662506, 38.821010532328501 ], [ -77.128419636734606, 38.820867532981197 ], [ -77.128545637353298, 38.820767532319998 ], [ -77.129303637699806, 38.820191532917697 ], [ -77.1297356371619, 38.819855532204201 ], [ -77.130254637685397, 38.819468532214501 ], [ -77.130763637631006, 38.819115532034203 ], [ -77.131335639713299, 38.818747531370398 ], [ -77.131925639155597, 38.818392532106799 ], [ -77.132244640174093, 38.818216531482499 ], [ -77.132432639898099, 38.818112532039997 ], [ -77.132648639628897, 38.817991531627499 ], [ -77.133350639574203, 38.817637532188598 ], [ -77.134104640217302, 38.817287530508601 ], [ -77.135237641202295, 38.816818530564298 ], [ -77.136896642460897, 38.816151530839001 ], [ -77.137065641093898, 38.816083530292701 ], [ -77.137931643001593, 38.815748530223999 ], [ -77.138133643654399, 38.815687530493598 ], [ -77.138968643152197, 38.815337529873702 ], [ -77.139348643184405, 38.815178530225303 ], [ -77.140433643461904, 38.814724529262499 ], [ -77.142555646090102, 38.813852529608397 ], [ -77.142671644711598, 38.813807528833401 ], [ -77.143662722111003, 38.813424012480098 ], [ -77.143662237456098, 38.813431748688402 ], [ -77.143660614238101, 38.813518248466103 ], [ -77.143629487773296, 38.814050623028898 ], [ -77.143627862182299, 38.814137123667898 ], [ -77.143475736882493, 38.814199874339998 ], [ -77.143551175528501, 38.814294123013703 ], [ -77.142953925649806, 38.815065749278403 ], [ -77.142299174723206, 38.815909437639199 ], [ -77.142162487539395, 38.816086374280502 ], [ -77.1420256748208, 38.816261875008102 ], [ -77.141759486470903, 38.816606250047599 ], [ -77.141755861871999, 38.816614437307997 ], [ -77.141741423619195, 38.816634811684899 ], [ -77.141575923371207, 38.816848500542598 ], [ -77.141446298522894, 38.817021374675697 ], [ -77.141219611402093, 38.817312562772301 ], [ -77.141133235579304, 38.817425501200098 ], [ -77.141028611209094, 38.817575311946101 ], [ -77.140541298494, 38.817359624594701 ], [ -77.140325423291898, 38.817267874890497 ], [ -77.140189610476497, 38.817210001063899 ], [ -77.1401212360459, 38.817298439005803 ], [ -77.139738173423197, 38.8171361246713 ], [ -77.139684048296502, 38.817213749556601 ], [ -77.139478110632993, 38.817525813735799 ], [ -77.138971861378494, 38.818308062923897 ], [ -77.138497610840403, 38.818696564369603 ], [ -77.138426297396094, 38.818754813552502 ], [ -77.138644360600694, 38.818918000860698 ], [ -77.138917797140707, 38.8191215643729 ], [ -77.139537360562798, 38.819584687957096 ], [ -77.139466048681101, 38.819644251353701 ], [ -77.1391593604435, 38.819898876457898 ], [ -77.139030923162096, 38.820005813563803 ], [ -77.138788423001301, 38.820207564344202 ], [ -77.138239110451096, 38.820668064040298 ], [ -77.137964672230297, 38.820887314500901 ], [ -77.137846984993999, 38.820984753033997 ], [ -77.137240610358404, 38.821488501275802 ], [ -77.137187173002204, 38.821531814261597 ], [ -77.137319734883306, 38.821761313976303 ], [ -77.137577859738698, 38.822218753182298 ], [ -77.137717172033803, 38.822460689891301 ], [ -77.137866672227503, 38.822719189580198 ], [ -77.137951735466999, 38.822865690025701 ], [ -77.138111235365997, 38.823151753545801 ], [ -77.138342234960007, 38.823559503442098 ], [ -77.138393235562901, 38.823646565890897 ], [ -77.138529047980896, 38.823889815898703 ], [ -77.138571111280996, 38.823888940787903 ], [ -77.138806485457295, 38.823884752965597 ], [ -77.139378923988204, 38.823872189020399 ], [ -77.139733610505701, 38.823864001360803 ], [ -77.139979423053006, 38.823858565457698 ], [ -77.140306049749299, 38.823851377947797 ], [ -77.141117173924997, 38.823838814946797 ], [ -77.141194425182604, 38.8238383148365 ], [ -77.141299801228996, 38.823835440198103 ], [ -77.141436738599296, 38.823832877709599 ], [ -77.141995113019405, 38.823821503114502 ], [ -77.1421004878747, 38.823818626843099 ], [ -77.142153174383495, 38.823817815716801 ], [ -77.142149426075306, 38.823828752123603 ], [ -77.142134800995507, 38.823858813998697 ], [ -77.142005676292399, 38.824190939468799 ], [ -77.141898674483897, 38.824467066013497 ], [ -77.141791738582597, 38.824736315425397 ], [ -77.141769611784397, 38.824795127770997 ], [ -77.141810675074694, 38.8250372536409 ], [ -77.141858362106802, 38.8252986912442 ], [ -77.141908799444593, 38.8256013156496 ], [ -77.141918673675306, 38.825638564934302 ], [ -77.141875612865405, 38.825687440888501 ], [ -77.141581425405803, 38.826020441087302 ], [ -77.141466550432199, 38.8261536921163 ], [ -77.141290736975705, 38.826354878426798 ], [ -77.141118550963398, 38.8265505656898 ], [ -77.141081549653293, 38.826650377777298 ], [ -77.1409149859997, 38.827102942307498 ], [ -77.140269488356395, 38.8274496916342 ], [ -77.139868237906597, 38.827690816818297 ], [ -77.139177424257795, 38.828020567580502 ], [ -77.138825612065602, 38.828245817630801 ], [ -77.138445424335302, 38.828484442550803 ], [ -77.138188736689003, 38.828691505161899 ], [ -77.137950048007895, 38.8288768174734 ], [ -77.137255047978201, 38.829422067733802 ], [ -77.136758986306305, 38.829664879757999 ], [ -77.136467048231694, 38.8298770050922 ], [ -77.136157360154201, 38.830101318585797 ], [ -77.135829797343007, 38.830341943160398 ], [ -77.135527171239502, 38.830565005509698 ], [ -77.134914859709099, 38.830827005964402 ], [ -77.134916041860393, 38.830835225490098 ], [ -77.134914642856799, 38.8308285368445 ], [ -77.134890643366504, 38.8308385374282 ], [ -77.134846642991405, 38.830855536308199 ], [ -77.134792642138393, 38.830904537403498 ], [ -77.134788642804594, 38.830861536691799 ], [ -77.134745642749607, 38.830812536987303 ], [ -77.1347066418015, 38.830773536491002 ], [ -77.134626641484104, 38.830705536983601 ], [ -77.134571641335796, 38.830661536569401 ], [ -77.134520641939901, 38.830630536416002 ], [ -77.134452642186304, 38.8306065369528 ], [ -77.134349642878604, 38.830571536005401 ], [ -77.134259641622293, 38.830556535776999 ], [ -77.134173641579395, 38.830555535830399 ], [ -77.134104641853895, 38.830551537142703 ], [ -77.134027641872294, 38.830564537061498 ], [ -77.133962641931305, 38.830586536470697 ], [ -77.1338876428227, 38.830643536354202 ], [ -77.133844642450995, 38.830669536998499 ], [ -77.133835641265804, 38.830709535833599 ], [ -77.133897641511993, 38.830821536469301 ], [ -77.133925641171501, 38.8309065373941 ], [ -77.133882641577102, 38.830971537121499 ], [ -77.133879642690104, 38.8308685362964 ], [ -77.133884641600702, 38.830841536506 ], [ -77.133841642846804, 38.830814536572497 ], [ -77.133816641175201, 38.830770536342399 ], [ -77.133778641250402, 38.830749537187899 ], [ -77.133717641679596, 38.830782535781402 ], [ -77.133674641544204, 38.830792536543498 ], [ -77.133622642645093, 38.830784537114802 ], [ -77.133567640875597, 38.830757536975703 ], [ -77.133427641716906, 38.830661535901498 ], [ -77.133245641443295, 38.830518537096999 ], [ -77.133118641755502, 38.830412536118303 ], [ -77.1329996406226, 38.830323537041302 ], [ -77.132922641533597, 38.830278536308697 ], [ -77.132829641439201, 38.830203536049702 ], [ -77.132783641228002, 38.830145536275403 ], [ -77.132754641235493, 38.830088536378597 ], [ -77.132738641114202, 38.830034535805702 ], [ -77.132726640456198, 38.829970536322399 ], [ -77.132714641506794, 38.829892536217699 ], [ -77.132717640931403, 38.829781536363903 ], [ -77.132713641060704, 38.8297415356855 ], [ -77.132725641455394, 38.829563535825798 ], [ -77.132727641235903, 38.829448535846197 ], [ -77.1327076407417, 38.829387536081697 ], [ -77.132673640772396, 38.829340536014499 ], [ -77.132622641270899, 38.829312536043403 ], [ -77.132580641055497, 38.829278536124399 ], [ -77.132559640732197, 38.829238535553102 ], [ -77.132560641019396, 38.829181535586699 ], [ -77.132540640788207, 38.8291335363866 ], [ -77.132519641271301, 38.829103536273998 ], [ -77.132507640340194, 38.829055535679203 ], [ -77.132490641144202, 38.829008536347203 ], [ -77.132500640355602, 38.828968535708498 ], [ -77.132527640413699, 38.828918536306396 ], [ -77.132593641342197, 38.828838535885197 ], [ -77.132737641293403, 38.8287155358707 ], [ -77.132781640692599, 38.828672535675999 ], [ -77.132807641062101, 38.828644535483697 ], [ -77.132873641245695, 38.828585535862302 ], [ -77.132960640388703, 38.828519535440897 ], [ -77.133021641196294, 38.8284895355917 ], [ -77.133150640827907, 38.828395535561697 ], [ -77.133200642623706, 38.8283605361177 ], [ -77.133257641644406, 38.828300535911602 ], [ -77.133320640629293, 38.828146535464597 ], [ -77.133371641439894, 38.827965535464898 ], [ -77.133376641466697, 38.827898535652501 ], [ -77.133343641620201, 38.827807535470903 ], [ -77.133310641485394, 38.827768535866802 ], [ -77.133287641306694, 38.827742535289303 ], [ -77.133229641963695, 38.827627535619598 ], [ -77.133196640795404, 38.827533535233499 ], [ -77.133142641045893, 38.8274445355447 ], [ -77.133100640983599, 38.827360535281997 ], [ -77.133021641056303, 38.827241535750801 ], [ -77.133021641381006, 38.827214535407499 ], [ -77.133031640367705, 38.827147534362901 ], [ -77.133025640581494, 38.8270495356211 ], [ -77.132958640523796, 38.826954535476503 ], [ -77.132899641324002, 38.826860534844698 ], [ -77.132756641159801, 38.8266835355086 ], [ -77.132723640340799, 38.826639534578398 ], [ -77.1327036402147, 38.826558535641297 ], [ -77.132640640238506, 38.826470535376302 ], [ -77.132598640627407, 38.826419534638603 ], [ -77.132492640236293, 38.826316535257497 ], [ -77.132374641009307, 38.826191534560301 ], [ -77.1322946407968, 38.826129535387501 ], [ -77.132252639941598, 38.826051534144398 ], [ -77.132185639938896, 38.825972535161497 ], [ -77.132172640909104, 38.825956534258303 ], [ -77.132148640420795, 38.825888535131 ], [ -77.1320216406816, 38.825746534656197 ], [ -77.1319736406667, 38.825685534434598 ], [ -77.131855640698703, 38.825579534055102 ], [ -77.131679639687206, 38.825447534451598 ], [ -77.131611639620303, 38.825365534125602 ], [ -77.1315366401912, 38.825280533979303 ], [ -77.131466639547199, 38.825204533938802 ], [ -77.131390638824698, 38.825153535324397 ], [ -77.131330640437099, 38.825102534101099 ], [ -77.131260639034707, 38.825006533881599 ], [ -77.131195638836104, 38.824926534143898 ], [ -77.131138639559794, 38.824812534200198 ], [ -77.131058640366305, 38.824738534481703 ], [ -77.130923639215297, 38.824632533885001 ], [ -77.130822640165505, 38.824572533810901 ], [ -77.130679639730104, 38.824493534562102 ], [ -77.130503640088406, 38.824386534303699 ], [ -77.130316638750401, 38.824236533961297 ], [ -77.130229637943202, 38.8241475341027 ], [ -77.130164639262901, 38.824025534483702 ], [ -77.130088639139998, 38.823902534278403 ], [ -77.130067638321904, 38.823823534020697 ], [ -77.129948639009598, 38.823630533823703 ], [ -77.129894638823302, 38.823577534185901 ], [ -77.129851638219606, 38.823463533917902 ], [ -77.129808637892907, 38.823384534399601 ], [ -77.1297696388811, 38.823310534074203 ], [ -77.129723638201099, 38.823272533874501 ], [ -77.129661638123807, 38.823241533648698 ], [ -77.129619637731096, 38.823192532746802 ], [ -77.129608637603894, 38.823180534349298 ], [ -77.129577639357805, 38.823161533612499 ], [ -77.129508638390305, 38.823100533898 ], [ -77.129446638045195, 38.823068534404499 ], [ -77.129324638627097, 38.822970533642597 ], [ -77.129232638583701, 38.8228835332486 ], [ -77.129140637755398, 38.8228345327868 ], [ -77.129048637538801, 38.822753534328498 ], [ -77.128933637503096, 38.822661533216397 ], [ -77.128880637545507, 38.8225995335264 ], [ -77.128782637846896, 38.822428534301501 ], [ -77.1287516371858, 38.822391534245703 ], [ -77.128683637960506, 38.822317534287897 ], [ -77.128662638575094, 38.822189533187299 ], [ -77.128633637224098, 38.822111533765998 ], [ -77.128610637665801, 38.822024532870003 ], [ -77.128617637390903, 38.821947532584097 ], [ -77.128606638426007, 38.821884533442798 ], [ -77.128637637054496, 38.821860533284401 ], [ -77.128632637727605, 38.821822533390197 ], [ -77.128584637424794, 38.821773534039302 ], [ -77.128572636894702, 38.821749534076801 ], [ -77.128572636876996, 38.821725533819901 ], [ -77.128592637767696, 38.821686533250002 ], [ -77.128605636812907, 38.821643532638902 ], [ -77.128606637418898, 38.821566532508498 ], [ -77.128625637838795, 38.8215475329174 ], [ -77.128619637335106, 38.821513534125103 ], [ -77.128602637312497, 38.821484534054903 ], [ -77.128581637745, 38.821465533669198 ], [ -77.128571637569905, 38.821455532532603 ], [ -77.128537637354, 38.821339534073601 ], [ -77.128341637391202, 38.821124532832499 ] ] ], [ [ [ -77.137648238032497, 38.799361063334104 ], [ -77.1376491723545, 38.799375904684503 ], [ -77.137648640579499, 38.799369523402902 ], [ -77.137648238032497, 38.799361063334104 ] ] ], [ [ [ -77.143689431576803, 38.812972084321402 ], [ -77.143685675001507, 38.813045757933899 ], [ -77.143681646630696, 38.812975528731101 ], [ -77.143689431576803, 38.812972084321402 ] ] ], [ [ [ -77.144100306319999, 38.810406031364998 ], [ -77.143850450243207, 38.810442809439699 ], [ -77.1438506457812, 38.810439527757197 ], [ -77.143876644920795, 38.810435528069 ], [ -77.143931645164699, 38.810427527335001 ], [ -77.143970646289006, 38.810422527399403 ], [ -77.144100306319999, 38.810406031364998 ] ] ], [ [ [ -77.1375696141872, 38.798227145275099 ], [ -77.137576669240104, 38.798226180314302 ], [ -77.137592793683893, 38.798487243356199 ], [ -77.137606357414896, 38.798696117166401 ], [ -77.137646852170207, 38.799339070422498 ], [ -77.137646640271996, 38.799336523685298 ], [ -77.137642640060804, 38.799282523075298 ], [ -77.137605639867303, 38.7987505233774 ], [ -77.137586640033803, 38.798475523531103 ], [ -77.137584639973994, 38.798448523219797 ], [ -77.137582640385602, 38.798418523658398 ], [ -77.137581640697604, 38.798406523134297 ], [ -77.137580640697905, 38.798384522985998 ], [ -77.137572640158794, 38.798266523013503 ], [ -77.137569640409495, 38.798227523076797 ], [ -77.1375696141872, 38.798227145275099 ] ] ], [ [ [ -77.143215536011894, 38.805660563486498 ], [ -77.143222924174495, 38.8056593704896 ], [ -77.143349486191397, 38.806205933173104 ], [ -77.143440798560107, 38.8065694952532 ], [ -77.143496236866099, 38.8067953086396 ], [ -77.143616300134994, 38.807315745775497 ], [ -77.143733360980406, 38.807808621423099 ], [ -77.144038487066695, 38.809120621265897 ], [ -77.144042606634102, 38.809138269734298 ], [ -77.144037646426099, 38.809119526812701 ], [ -77.143728644810494, 38.8078045261638 ], [ -77.1436106460839, 38.807310526099002 ], [ -77.143489645849897, 38.806789526743799 ], [ -77.143432644008598, 38.8065635258966 ], [ -77.143340644959594, 38.806198526067902 ], [ -77.143215536011894, 38.805660563486498 ] ] ], [ [ [ -77.143807224048402, 38.810656074174602 ], [ -77.143767424752795, 38.811393997498101 ], [ -77.143762674535594, 38.811645247479902 ], [ -77.143762363610605, 38.811660310376404 ], [ -77.143750716503803, 38.811829076657403 ], [ -77.143713645695101, 38.811843528123603 ], [ -77.1437186448387, 38.8117625279611 ], [ -77.143754645555504, 38.811151528185498 ], [ -77.143763646441002, 38.810999528497099 ], [ -77.143775646411598, 38.810788528186997 ], [ -77.143801644796, 38.810673527646202 ], [ -77.143807224048402, 38.810656074174602 ] ] ], [ [ [ -77.141077635334099, 38.803049479066402 ], [ -77.141095609794704, 38.803087744154801 ], [ -77.1411159230382, 38.803130557280198 ], [ -77.141578234498098, 38.804105307149698 ], [ -77.141676047112696, 38.804316495297101 ], [ -77.141807673497198, 38.8045939952409 ], [ -77.141891985327703, 38.804773495559999 ], [ -77.142324047163896, 38.805680558617603 ], [ -77.142363922804407, 38.805799120545203 ], [ -77.142395611230199, 38.805793995086603 ], [ -77.142620860707297, 38.805756808515298 ], [ -77.142679546742997, 38.805747280696501 ], [ -77.142623644468699, 38.805802524973998 ], [ -77.142518644387394, 38.8059105253909 ], [ -77.142455643928898, 38.805971525583303 ], [ -77.141989644033998, 38.806409526396997 ], [ -77.141892644029397, 38.806492526628702 ], [ -77.140859643634002, 38.804820525881397 ], [ -77.141057643295696, 38.803037525267101 ], [ -77.141077635334099, 38.803049479066402 ] ] ] ] } }
]
}
